COUNTY_NAME,FIPS,YEAR,STATE,DRUG,DEATHS
"ALACHUA COUNTY, FL",012001,2003,FL,1,11
"ALACHUA COUNTY, FL",012001,2007,FL,1,17
"ALACHUA COUNTY, FL",012001,2009,FL,1,15
"ALACHUA COUNTY, FL",012001,2010,FL,1,15
"ALACHUA COUNTY, FL",012001,2011,FL,1,14
"ALACHUA COUNTY, FL",012001,2012,FL,1,14
"ALACHUA COUNTY, FL",012001,2013,FL,1,12
"ALACHUA COUNTY, FL",012001,2014,FL,1,19
"ALACHUA COUNTY, FL",012001,2015,FL,1,23
"ANDERSON COUNTY, TX",048001,2004,TX,1,11
"ANDERSON COUNTY, TX",048001,2006,TX,1,10
"ANDERSON COUNTY, TX",048001,2008,TX,1,10
"ARANSAS COUNTY, TX",048007,2006,TX,1,10
"BALDWIN COUNTY, AL",001003,2003,AL,1,10
"BALDWIN COUNTY, AL",001003,2004,AL,1,18
"BALDWIN COUNTY, AL",001003,2005,AL,1,14
"BALDWIN COUNTY, AL",001003,2006,AL,1,11
"BALDWIN COUNTY, AL",001003,2007,AL,1,24
"BALDWIN COUNTY, AL",001003,2008,AL,1,19
"BALDWIN COUNTY, AL",001003,2009,AL,1,29
"BALDWIN COUNTY, AL",001003,2010,AL,1,24
"BALDWIN COUNTY, AL",001003,2011,AL,1,23
"BALDWIN COUNTY, AL",001003,2012,AL,1,24
"BALDWIN COUNTY, AL",001003,2013,AL,1,20
"BALDWIN COUNTY, AL",001003,2014,AL,1,32
"BALDWIN COUNTY, AL",001003,2015,AL,1,40
"BASTROP COUNTY, TX",048021,2013,TX,1,10
"BAY COUNTY, FL",012005,2003,FL,1,21
"BAY COUNTY, FL",012005,2004,FL,1,18
"BAY COUNTY, FL",012005,2005,FL,1,17
"BAY COUNTY, FL",012005,2006,FL,1,34
"BAY COUNTY, FL",012005,2007,FL,1,30
"BAY COUNTY, FL",012005,2008,FL,1,23
"BAY COUNTY, FL",012005,2009,FL,1,18
"BAY COUNTY, FL",012005,2010,FL,1,22
"BAY COUNTY, FL",012005,2012,FL,1,15
"BAY COUNTY, FL",012005,2013,FL,1,19
"BAY COUNTY, FL",012005,2014,FL,1,22
"BAY COUNTY, FL",012005,2015,FL,1,25
"BELL COUNTY, TX",048027,2005,TX,1,10
"BELL COUNTY, TX",048027,2006,TX,1,10
"BELL COUNTY, TX",048027,2007,TX,1,10
"BELL COUNTY, TX",048027,2009,TX,1,11
"BELL COUNTY, TX",048027,2010,TX,1,22
"BELL COUNTY, TX",048027,2011,TX,1,20
"BELL COUNTY, TX",048027,2012,TX,1,26
"BELL COUNTY, TX",048027,2013,TX,1,19
"BELL COUNTY, TX",048027,2014,TX,1,17
"BELL COUNTY, TX",048027,2015,TX,1,23
"BENTON COUNTY, WA",053005,2003,WA,1,10
"BENTON COUNTY, WA",053005,2004,WA,1,12
"BENTON COUNTY, WA",053005,2005,WA,1,13
"BENTON COUNTY, WA",053005,2006,WA,1,16
"BENTON COUNTY, WA",053005,2007,WA,1,17
"BENTON COUNTY, WA",053005,2008,WA,1,10
"BENTON COUNTY, WA",053005,2009,WA,1,17
"BENTON COUNTY, WA",053005,2010,WA,1,10
"BENTON COUNTY, WA",053005,2011,WA,1,16
"BENTON COUNTY, WA",053005,2012,WA,1,16
"BENTON COUNTY, WA",053005,2013,WA,1,18
"BENTON COUNTY, WA",053005,2014,WA,1,20
"BENTON COUNTY, WA",053005,2015,WA,1,28
"BEXAR COUNTY, TX",048029,2003,TX,1,163
"BEXAR COUNTY, TX",048029,2004,TX,1,168
"BEXAR COUNTY, TX",048029,2005,TX,1,202
"BEXAR COUNTY, TX",048029,2006,TX,1,191
"BEXAR COUNTY, TX",048029,2007,TX,1,104
"BEXAR COUNTY, TX",048029,2008,TX,1,157
"BEXAR COUNTY, TX",048029,2009,TX,1,197
"BEXAR COUNTY, TX",048029,2010,TX,1,186
"BEXAR COUNTY, TX",048029,2011,TX,1,263
"BEXAR COUNTY, TX",048029,2012,TX,1,193
"BEXAR COUNTY, TX",048029,2013,TX,1,175
"BEXAR COUNTY, TX",048029,2014,TX,1,181
"BEXAR COUNTY, TX",048029,2015,TX,1,190
"BLOUNT COUNTY, AL",001009,2008,AL,1,15
"BLOUNT COUNTY, AL",001009,2012,AL,1,15
"BLOUNT COUNTY, AL",001009,2013,AL,1,10
"BLOUNT COUNTY, AL",001009,2014,AL,1,11
"BLOUNT COUNTY, AL",001009,2015,AL,1,11
"BRAZORIA COUNTY, TX",048039,2003,TX,1,13
"BRAZORIA COUNTY, TX",048039,2004,TX,1,19
"BRAZORIA COUNTY, TX",048039,2005,TX,1,31
"BRAZORIA COUNTY, TX",048039,2006,TX,1,27
"BRAZORIA COUNTY, TX",048039,2007,TX,1,22
"BRAZORIA COUNTY, TX",048039,2008,TX,1,24
"BRAZORIA COUNTY, TX",048039,2009,TX,1,37
"BRAZORIA COUNTY, TX",048039,2010,TX,1,24
"BRAZORIA COUNTY, TX",048039,2011,TX,1,36
"BRAZORIA COUNTY, TX",048039,2012,TX,1,36
"BRAZORIA COUNTY, TX",048039,2013,TX,1,26
"BRAZORIA COUNTY, TX",048039,2014,TX,1,20
"BRAZORIA COUNTY, TX",048039,2015,TX,1,29
"BRAZOS COUNTY, TX",048041,2008,TX,1,10
"BRAZOS COUNTY, TX",048041,2010,TX,1,11
"BRAZOS COUNTY, TX",048041,2011,TX,1,19
"BRAZOS COUNTY, TX",048041,2014,TX,1,20
"BRAZOS COUNTY, TX",048041,2015,TX,1,17
"BREVARD COUNTY, FL",012009,2003,FL,1,97
"BREVARD COUNTY, FL",012009,2004,FL,1,111
"BREVARD COUNTY, FL",012009,2005,FL,1,119
"BREVARD COUNTY, FL",012009,2006,FL,1,107
"BREVARD COUNTY, FL",012009,2007,FL,1,104
"BREVARD COUNTY, FL",012009,2008,FL,1,121
"BREVARD COUNTY, FL",012009,2009,FL,1,135
"BREVARD COUNTY, FL",012009,2010,FL,1,135
"BREVARD COUNTY, FL",012009,2011,FL,1,123
"BREVARD COUNTY, FL",012009,2012,FL,1,113
"BREVARD COUNTY, FL",012009,2013,FL,1,106
"BREVARD COUNTY, FL",012009,2014,FL,1,111
"BREVARD COUNTY, FL",012009,2015,FL,1,155
"BROWARD COUNTY, FL",012011,2003,FL,1,230
"BROWARD COUNTY, FL",012011,2004,FL,1,287
"BROWARD COUNTY, FL",012011,2005,FL,1,320
"BROWARD COUNTY, FL",012011,2006,FL,1,282
"BROWARD COUNTY, FL",012011,2007,FL,1,282
"BROWARD COUNTY, FL",012011,2008,FL,1,326
"BROWARD COUNTY, FL",012011,2009,FL,1,305
"BROWARD COUNTY, FL",012011,2010,FL,1,262
"BROWARD COUNTY, FL",012011,2011,FL,1,233
"BROWARD COUNTY, FL",012011,2012,FL,1,228
"BROWARD COUNTY, FL",012011,2013,FL,1,210
"BROWARD COUNTY, FL",012011,2014,FL,1,230
"BROWARD COUNTY, FL",012011,2015,FL,1,279
"BRYAN COUNTY, OK",040013,2012,OK,1,12
"CALHOUN COUNTY, AL",001015,2007,AL,1,11
"CALHOUN COUNTY, AL",001015,2008,AL,1,17
"CALHOUN COUNTY, AL",001015,2009,AL,1,12
"CALHOUN COUNTY, AL",001015,2010,AL,1,19
"CALHOUN COUNTY, AL",001015,2011,AL,1,12
"CALHOUN COUNTY, AL",001015,2014,AL,1,19
"CALHOUN COUNTY, AL",001015,2015,AL,1,20
"CAMERON COUNTY, TX",048061,2004,TX,1,16
"CAMERON COUNTY, TX",048061,2005,TX,1,19
"CAMERON COUNTY, TX",048061,2007,TX,1,11
"CAMERON COUNTY, TX",048061,2008,TX,1,15
"CAMERON COUNTY, TX",048061,2009,TX,1,18
"CAMERON COUNTY, TX",048061,2010,TX,1,13
"CAMERON COUNTY, TX",048061,2012,TX,1,15
"CAMERON COUNTY, TX",048061,2015,TX,1,17
"CANADIAN COUNTY, OK",040017,2004,OK,1,10
"CANADIAN COUNTY, OK",040017,2007,OK,1,10
"CANADIAN COUNTY, OK",040017,2010,OK,1,12
"CANADIAN COUNTY, OK",040017,2011,OK,1,17
"CANADIAN COUNTY, OK",040017,2013,OK,1,14
"CANADIAN COUNTY, OK",040017,2014,OK,1,16
"CANADIAN COUNTY, OK",040017,2015,OK,1,13
"CARTER COUNTY, OK",040019,2009,OK,1,11
"CARTER COUNTY, OK",040019,2010,OK,1,11
"CARTER COUNTY, OK",040019,2011,OK,1,15
"CARTER COUNTY, OK",040019,2012,OK,1,15
"CARTER COUNTY, OK",040019,2013,OK,1,15
"CARTER COUNTY, OK",040019,2014,OK,1,12
"CARTER COUNTY, OK",040019,2015,OK,1,14
"CHARLOTTE COUNTY, FL",012015,2004,FL,1,17
"CHARLOTTE COUNTY, FL",012015,2005,FL,1,11
"CHARLOTTE COUNTY, FL",012015,2006,FL,1,15
"CHARLOTTE COUNTY, FL",012015,2007,FL,1,17
"CHARLOTTE COUNTY, FL",012015,2008,FL,1,20
"CHARLOTTE COUNTY, FL",012015,2009,FL,1,17
"CHARLOTTE COUNTY, FL",012015,2010,FL,1,17
"CHARLOTTE COUNTY, FL",012015,2011,FL,1,27
"CHARLOTTE COUNTY, FL",012015,2012,FL,1,13
"CHARLOTTE COUNTY, FL",012015,2013,FL,1,12
"CHARLOTTE COUNTY, FL",012015,2014,FL,1,22
"CHARLOTTE COUNTY, FL",012015,2015,FL,1,11
"CHELAN COUNTY, WA",053007,2010,WA,1,11
"CHELAN COUNTY, WA",053007,2011,WA,1,10
"CHEROKEE COUNTY, OK",040021,2006,OK,1,12
"CHEROKEE COUNTY, OK",040021,2009,OK,1,11
"CHEROKEE COUNTY, OK",040021,2013,OK,1,12
"CHEROKEE COUNTY, OK",040021,2014,OK,1,12
"CHEROKEE COUNTY, OK",040021,2015,OK,1,11
"CHILTON COUNTY, AL",001021,2006,AL,1,13
"CHILTON COUNTY, AL",001021,2010,AL,1,10
"CITRUS COUNTY, FL",012017,2003,FL,1,16
"CITRUS COUNTY, FL",012017,2004,FL,1,12
"CITRUS COUNTY, FL",012017,2005,FL,1,14
"CITRUS COUNTY, FL",012017,2006,FL,1,23
"CITRUS COUNTY, FL",012017,2007,FL,1,17
"CITRUS COUNTY, FL",012017,2008,FL,1,25
"CITRUS COUNTY, FL",012017,2009,FL,1,19
"CITRUS COUNTY, FL",012017,2010,FL,1,27
"CITRUS COUNTY, FL",012017,2011,FL,1,29
"CITRUS COUNTY, FL",012017,2012,FL,1,37
"CITRUS COUNTY, FL",012017,2013,FL,1,24
"CITRUS COUNTY, FL",012017,2014,FL,1,24
"CITRUS COUNTY, FL",012017,2015,FL,1,25
"CLACKAMAS COUNTY, OR",041005,2003,OR,1,28
"CLACKAMAS COUNTY, OR",041005,2004,OR,1,28
"CLACKAMAS COUNTY, OR",041005,2005,OR,1,23
"CLACKAMAS COUNTY, OR",041005,2006,OR,1,34
"CLACKAMAS COUNTY, OR",041005,2007,OR,1,32
"CLACKAMAS COUNTY, OR",041005,2008,OR,1,25
"CLACKAMAS COUNTY, OR",041005,2009,OR,1,32
"CLACKAMAS COUNTY, OR",041005,2010,OR,1,43
"CLACKAMAS COUNTY, OR",041005,2011,OR,1,34
"CLACKAMAS COUNTY, OR",041005,2012,OR,1,22
"CLACKAMAS COUNTY, OR",041005,2013,OR,1,38
"CLACKAMAS COUNTY, OR",041005,2014,OR,1,46
"CLACKAMAS COUNTY, OR",041005,2015,OR,1,26
"CLALLAM COUNTY, WA",053009,2004,WA,1,11
"CLALLAM COUNTY, WA",053009,2005,WA,1,10
"CLALLAM COUNTY, WA",053009,2006,WA,1,15
"CLALLAM COUNTY, WA",053009,2007,WA,1,19
"CLALLAM COUNTY, WA",053009,2008,WA,1,17
"CLALLAM COUNTY, WA",053009,2009,WA,1,13
"CLALLAM COUNTY, WA",053009,2010,WA,1,11
"CLALLAM COUNTY, WA",053009,2012,WA,1,12
"CLALLAM COUNTY, WA",053009,2013,WA,1,15
"CLALLAM COUNTY, WA",053009,2015,WA,1,12
"CLARK COUNTY, WA",053011,2003,WA,1,40
"CLARK COUNTY, WA",053011,2004,WA,1,27
"CLARK COUNTY, WA",053011,2005,WA,1,40
"CLARK COUNTY, WA",053011,2006,WA,1,48
"CLARK COUNTY, WA",053011,2007,WA,1,55
"CLARK COUNTY, WA",053011,2008,WA,1,61
"CLARK COUNTY, WA",053011,2009,WA,1,59
"CLARK COUNTY, WA",053011,2010,WA,1,50
"CLARK COUNTY, WA",053011,2011,WA,1,55
"CLARK COUNTY, WA",053011,2012,WA,1,62
"CLARK COUNTY, WA",053011,2013,WA,1,57
"CLARK COUNTY, WA",053011,2014,WA,1,59
"CLARK COUNTY, WA",053011,2015,WA,1,59
"CLATSOP COUNTY, OR",041007,2011,OR,1,11
"CLAY COUNTY, FL",012019,2003,FL,1,16
"CLAY COUNTY, FL",012019,2004,FL,1,22
"CLAY COUNTY, FL",012019,2005,FL,1,14
"CLAY COUNTY, FL",012019,2006,FL,1,15
"CLAY COUNTY, FL",012019,2007,FL,1,26
"CLAY COUNTY, FL",012019,2008,FL,1,19
"CLAY COUNTY, FL",012019,2009,FL,1,29
"CLAY COUNTY, FL",012019,2010,FL,1,20
"CLAY COUNTY, FL",012019,2011,FL,1,23
"CLAY COUNTY, FL",012019,2012,FL,1,28
"CLAY COUNTY, FL",012019,2013,FL,1,31
"CLAY COUNTY, FL",012019,2014,FL,1,26
"CLAY COUNTY, FL",012019,2015,FL,1,41
"CLEVELAND COUNTY, OK",040027,2003,OK,1,15
"CLEVELAND COUNTY, OK",040027,2004,OK,1,10
"CLEVELAND COUNTY, OK",040027,2005,OK,1,15
"CLEVELAND COUNTY, OK",040027,2006,OK,1,25
"CLEVELAND COUNTY, OK",040027,2007,OK,1,24
"CLEVELAND COUNTY, OK",040027,2008,OK,1,30
"CLEVELAND COUNTY, OK",040027,2009,OK,1,37
"CLEVELAND COUNTY, OK",040027,2010,OK,1,31
"CLEVELAND COUNTY, OK",040027,2011,OK,1,28
"CLEVELAND COUNTY, OK",040027,2012,OK,1,44
"CLEVELAND COUNTY, OK",040027,2013,OK,1,39
"CLEVELAND COUNTY, OK",040027,2014,OK,1,31
"CLEVELAND COUNTY, OK",040027,2015,OK,1,44
"COLLIER COUNTY, FL",012021,2003,FL,1,29
"COLLIER COUNTY, FL",012021,2004,FL,1,29
"COLLIER COUNTY, FL",012021,2005,FL,1,43
"COLLIER COUNTY, FL",012021,2006,FL,1,43
"COLLIER COUNTY, FL",012021,2007,FL,1,38
"COLLIER COUNTY, FL",012021,2008,FL,1,63
"COLLIER COUNTY, FL",012021,2009,FL,1,54
"COLLIER COUNTY, FL",012021,2010,FL,1,36
"COLLIER COUNTY, FL",012021,2011,FL,1,41
"COLLIER COUNTY, FL",012021,2012,FL,1,31
"COLLIER COUNTY, FL",012021,2013,FL,1,29
"COLLIER COUNTY, FL",012021,2014,FL,1,41
"COLLIER COUNTY, FL",012021,2015,FL,1,48
"COLLIN COUNTY, TX",048085,2003,TX,1,26
"COLLIN COUNTY, TX",048085,2004,TX,1,40
"COLLIN COUNTY, TX",048085,2005,TX,1,32
"COLLIN COUNTY, TX",048085,2006,TX,1,24
"COLLIN COUNTY, TX",048085,2007,TX,1,23
"COLLIN COUNTY, TX",048085,2008,TX,1,34
"COLLIN COUNTY, TX",048085,2009,TX,1,55
"COLLIN COUNTY, TX",048085,2010,TX,1,53
"COLLIN COUNTY, TX",048085,2011,TX,1,68
"COLLIN COUNTY, TX",048085,2012,TX,1,66
"COLLIN COUNTY, TX",048085,2013,TX,1,59
"COLLIN COUNTY, TX",048085,2014,TX,1,70
"COLLIN COUNTY, TX",048085,2015,TX,1,72
"COLUMBIA COUNTY, FL",012023,2005,FL,1,10
"COLUMBIA COUNTY, FL",012023,2008,FL,1,10
"COLUMBIA COUNTY, FL",012023,2010,FL,1,17
"COLUMBIA COUNTY, FL",012023,2012,FL,1,16
"COLUMBIA COUNTY, FL",012023,2013,FL,1,11
"COLUMBIA COUNTY, FL",012023,2014,FL,1,11
"COLUMBIA COUNTY, FL",012023,2015,FL,1,10
"COMAL COUNTY, TX",048091,2003,TX,1,10
"COMAL COUNTY, TX",048091,2006,TX,1,15
"COMAL COUNTY, TX",048091,2010,TX,1,18
"COMAL COUNTY, TX",048091,2011,TX,1,10
"COMAL COUNTY, TX",048091,2012,TX,1,12
"COMAL COUNTY, TX",048091,2015,TX,1,11
"COMANCHE COUNTY, OK",040031,2007,OK,1,15
"COMANCHE COUNTY, OK",040031,2010,OK,1,13
"COMANCHE COUNTY, OK",040031,2011,OK,1,12
"COMANCHE COUNTY, OK",040031,2013,OK,1,10
"COMANCHE COUNTY, OK",040031,2014,OK,1,24
"COMANCHE COUNTY, OK",040031,2015,OK,1,12
"COOKE COUNTY, TX",048097,2008,TX,1,10
"COWLITZ COUNTY, WA",053015,2004,WA,1,17
"COWLITZ COUNTY, WA",053015,2005,WA,1,24
"COWLITZ COUNTY, WA",053015,2006,WA,1,20
"COWLITZ COUNTY, WA",053015,2007,WA,1,15
"COWLITZ COUNTY, WA",053015,2008,WA,1,20
"COWLITZ COUNTY, WA",053015,2009,WA,1,18
"COWLITZ COUNTY, WA",053015,2010,WA,1,14
"COWLITZ COUNTY, WA",053015,2011,WA,1,27
"COWLITZ COUNTY, WA",053015,2012,WA,1,23
"COWLITZ COUNTY, WA",053015,2013,WA,1,21
"COWLITZ COUNTY, WA",053015,2014,WA,1,21
"COWLITZ COUNTY, WA",053015,2015,WA,1,15
"CREEK COUNTY, OK",040037,2004,OK,1,15
"CREEK COUNTY, OK",040037,2006,OK,1,18
"CREEK COUNTY, OK",040037,2007,OK,1,14
"CREEK COUNTY, OK",040037,2008,OK,1,17
"CREEK COUNTY, OK",040037,2009,OK,1,16
"CREEK COUNTY, OK",040037,2010,OK,1,16
"CREEK COUNTY, OK",040037,2011,OK,1,18
"CREEK COUNTY, OK",040037,2012,OK,1,11
"CREEK COUNTY, OK",040037,2013,OK,1,13
"CREEK COUNTY, OK",040037,2014,OK,1,19
"CREEK COUNTY, OK",040037,2015,OK,1,10
"CULLMAN COUNTY, AL",001043,2008,AL,1,10
"CULLMAN COUNTY, AL",001043,2011,AL,1,10
"CULLMAN COUNTY, AL",001043,2012,AL,1,12
"CULLMAN COUNTY, AL",001043,2013,AL,1,16
"CULLMAN COUNTY, AL",001043,2014,AL,1,27
"CULLMAN COUNTY, AL",001043,2015,AL,1,11
"DALLAS COUNTY, TX",048113,2003,TX,1,199
"DALLAS COUNTY, TX",048113,2004,TX,1,198
"DALLAS COUNTY, TX",048113,2005,TX,1,242
"DALLAS COUNTY, TX",048113,2006,TX,1,237
"DALLAS COUNTY, TX",048113,2007,TX,1,237
"DALLAS COUNTY, TX",048113,2008,TX,1,195
"DALLAS COUNTY, TX",048113,2009,TX,1,216
"DALLAS COUNTY, TX",048113,2010,TX,1,213
"DALLAS COUNTY, TX",048113,2011,TX,1,252
"DALLAS COUNTY, TX",048113,2012,TX,1,275
"DALLAS COUNTY, TX",048113,2013,TX,1,260
"DALLAS COUNTY, TX",048113,2014,TX,1,353
"DALLAS COUNTY, TX",048113,2015,TX,1,295
"DEKALB COUNTY, AL",001049,2011,AL,1,11
"DEKALB COUNTY, AL",001049,2012,AL,1,15
"DEKALB COUNTY, AL",001049,2013,AL,1,20
"DEKALB COUNTY, AL",001049,2015,AL,1,17
"DELAWARE COUNTY, OK",040041,2014,OK,1,12
"DENTON COUNTY, TX",048121,2003,TX,1,18
"DENTON COUNTY, TX",048121,2004,TX,1,18
"DENTON COUNTY, TX",048121,2005,TX,1,32
"DENTON COUNTY, TX",048121,2006,TX,1,25
"DENTON COUNTY, TX",048121,2007,TX,1,32
"DENTON COUNTY, TX",048121,2008,TX,1,39
"DENTON COUNTY, TX",048121,2009,TX,1,37
"DENTON COUNTY, TX",048121,2010,TX,1,43
"DENTON COUNTY, TX",048121,2011,TX,1,70
"DENTON COUNTY, TX",048121,2012,TX,1,46
"DENTON COUNTY, TX",048121,2013,TX,1,43
"DENTON COUNTY, TX",048121,2014,TX,1,48
"DENTON COUNTY, TX",048121,2015,TX,1,57
"DESCHUTES COUNTY, OR",041017,2008,OR,1,10
"DESCHUTES COUNTY, OR",041017,2010,OR,1,17
"DESCHUTES COUNTY, OR",041017,2011,OR,1,15
"DESCHUTES COUNTY, OR",041017,2013,OR,1,13
"DESCHUTES COUNTY, OR",041017,2014,OR,1,10
"DOUGLAS COUNTY, OR",041019,2003,OR,1,10
"DOUGLAS COUNTY, OR",041019,2015,OR,1,11
"DUVAL COUNTY, FL",012031,2003,FL,1,127
"DUVAL COUNTY, FL",012031,2004,FL,1,109
"DUVAL COUNTY, FL",012031,2005,FL,1,102
"DUVAL COUNTY, FL",012031,2006,FL,1,158
"DUVAL COUNTY, FL",012031,2007,FL,1,140
"DUVAL COUNTY, FL",012031,2008,FL,1,108
"DUVAL COUNTY, FL",012031,2009,FL,1,137
"DUVAL COUNTY, FL",012031,2010,FL,1,146
"DUVAL COUNTY, FL",012031,2011,FL,1,147
"DUVAL COUNTY, FL",012031,2012,FL,1,165
"DUVAL COUNTY, FL",012031,2013,FL,1,142
"DUVAL COUNTY, FL",012031,2014,FL,1,146
"DUVAL COUNTY, FL",012031,2015,FL,1,169
"ECTOR COUNTY, TX",048135,2003,TX,1,15
"ECTOR COUNTY, TX",048135,2004,TX,1,11
"ECTOR COUNTY, TX",048135,2005,TX,1,12
"ECTOR COUNTY, TX",048135,2006,TX,1,22
"ECTOR COUNTY, TX",048135,2007,TX,1,21
"ECTOR COUNTY, TX",048135,2008,TX,1,13
"ECTOR COUNTY, TX",048135,2009,TX,1,13
"ECTOR COUNTY, TX",048135,2010,TX,1,15
"ECTOR COUNTY, TX",048135,2011,TX,1,16
"ECTOR COUNTY, TX",048135,2012,TX,1,13
"ECTOR COUNTY, TX",048135,2013,TX,1,16
"ECTOR COUNTY, TX",048135,2014,TX,1,29
"ECTOR COUNTY, TX",048135,2015,TX,1,12
"EL PASO COUNTY, TX",048141,2003,TX,1,52
"EL PASO COUNTY, TX",048141,2004,TX,1,26
"EL PASO COUNTY, TX",048141,2005,TX,1,40
"EL PASO COUNTY, TX",048141,2006,TX,1,70
"EL PASO COUNTY, TX",048141,2007,TX,1,48
"EL PASO COUNTY, TX",048141,2008,TX,1,60
"EL PASO COUNTY, TX",048141,2009,TX,1,55
"EL PASO COUNTY, TX",048141,2010,TX,1,46
"EL PASO COUNTY, TX",048141,2011,TX,1,52
"EL PASO COUNTY, TX",048141,2012,TX,1,47
"EL PASO COUNTY, TX",048141,2013,TX,1,62
"EL PASO COUNTY, TX",048141,2014,TX,1,74
"EL PASO COUNTY, TX",048141,2015,TX,1,57
"ELLIS COUNTY, TX",048139,2010,TX,1,10
"ESCAMBIA COUNTY, AL",001053,2009,AL,1,10
"ESCAMBIA COUNTY, AL",001053,2013,AL,1,12
"ESCAMBIA COUNTY, AL",001053,2014,AL,1,10
"ESCAMBIA COUNTY, FL",012033,2003,FL,1,27
"ESCAMBIA COUNTY, FL",012033,2004,FL,1,33
"ESCAMBIA COUNTY, FL",012033,2005,FL,1,32
"ESCAMBIA COUNTY, FL",012033,2006,FL,1,45
"ESCAMBIA COUNTY, FL",012033,2007,FL,1,31
"ESCAMBIA COUNTY, FL",012033,2008,FL,1,28
"ESCAMBIA COUNTY, FL",012033,2009,FL,1,16
"ESCAMBIA COUNTY, FL",012033,2010,FL,1,25
"ESCAMBIA COUNTY, FL",012033,2011,FL,1,29
"ESCAMBIA COUNTY, FL",012033,2012,FL,1,25
"ESCAMBIA COUNTY, FL",012033,2013,FL,1,17
"ESCAMBIA COUNTY, FL",012033,2014,FL,1,35
"ESCAMBIA COUNTY, FL",012033,2015,FL,1,51
"ETOWAH COUNTY, AL",001055,2008,AL,1,16
"ETOWAH COUNTY, AL",001055,2009,AL,1,14
"ETOWAH COUNTY, AL",001055,2011,AL,1,14
"ETOWAH COUNTY, AL",001055,2013,AL,1,19
"ETOWAH COUNTY, AL",001055,2014,AL,1,17
"ETOWAH COUNTY, AL",001055,2015,AL,1,22
"FLAGLER COUNTY, FL",012035,2011,FL,1,16
"FLAGLER COUNTY, FL",012035,2015,FL,1,11
"FORT BEND COUNTY, TX",048157,2003,TX,1,11
"FORT BEND COUNTY, TX",048157,2005,TX,1,13
"FORT BEND COUNTY, TX",048157,2006,TX,1,18
"FORT BEND COUNTY, TX",048157,2007,TX,1,19
"FORT BEND COUNTY, TX",048157,2008,TX,1,13
"FORT BEND COUNTY, TX",048157,2009,TX,1,25
"FORT BEND COUNTY, TX",048157,2010,TX,1,32
"FORT BEND COUNTY, TX",048157,2011,TX,1,30
"FORT BEND COUNTY, TX",048157,2012,TX,1,16
"FORT BEND COUNTY, TX",048157,2013,TX,1,15
"FORT BEND COUNTY, TX",048157,2014,TX,1,31
"FORT BEND COUNTY, TX",048157,2015,TX,1,33
"FRANKLIN COUNTY, AL",001059,2013,AL,1,10
"GALVESTON COUNTY, TX",048167,2003,TX,1,27
"GALVESTON COUNTY, TX",048167,2004,TX,1,29
"GALVESTON COUNTY, TX",048167,2005,TX,1,44
"GALVESTON COUNTY, TX",048167,2006,TX,1,49
"GALVESTON COUNTY, TX",048167,2007,TX,1,49
"GALVESTON COUNTY, TX",048167,2008,TX,1,37
"GALVESTON COUNTY, TX",048167,2009,TX,1,34
"GALVESTON COUNTY, TX",048167,2010,TX,1,48
"GALVESTON COUNTY, TX",048167,2011,TX,1,42
"GALVESTON COUNTY, TX",048167,2012,TX,1,36
"GALVESTON COUNTY, TX",048167,2013,TX,1,37
"GALVESTON COUNTY, TX",048167,2014,TX,1,43
"GALVESTON COUNTY, TX",048167,2015,TX,1,49
"GARFIELD COUNTY, OK",040047,2013,OK,1,11
"GRADY COUNTY, OK",040051,2004,OK,1,10
"GRADY COUNTY, OK",040051,2009,OK,1,13
"GRADY COUNTY, OK",040051,2012,OK,1,18
"GRADY COUNTY, OK",040051,2014,OK,1,11
"GRANT COUNTY, WA",053025,2004,WA,1,14
"GRANT COUNTY, WA",053025,2005,WA,1,13
"GRANT COUNTY, WA",053025,2006,WA,1,11
"GRANT COUNTY, WA",053025,2007,WA,1,11
"GRANT COUNTY, WA",053025,2008,WA,1,11
"GRANT COUNTY, WA",053025,2009,WA,1,17
"GRANT COUNTY, WA",053025,2015,WA,1,11
"GRAYS HARBOR COUNTY, WA",053027,2004,WA,1,17
"GRAYS HARBOR COUNTY, WA",053027,2008,WA,1,12
"GRAYS HARBOR COUNTY, WA",053027,2009,WA,1,16
"GRAYS HARBOR COUNTY, WA",053027,2011,WA,1,10
"GRAYS HARBOR COUNTY, WA",053027,2012,WA,1,11
"GRAYS HARBOR COUNTY, WA",053027,2013,WA,1,12
"GRAYS HARBOR COUNTY, WA",053027,2014,WA,1,15
"GRAYS HARBOR COUNTY, WA",053027,2015,WA,1,15
"GRAYSON COUNTY, TX",048181,2006,TX,1,11
"GRAYSON COUNTY, TX",048181,2009,TX,1,17
"GRAYSON COUNTY, TX",048181,2010,TX,1,14
"GRAYSON COUNTY, TX",048181,2011,TX,1,17
"GRAYSON COUNTY, TX",048181,2012,TX,1,15
"GRAYSON COUNTY, TX",048181,2013,TX,1,18
"GRAYSON COUNTY, TX",048181,2014,TX,1,12
"GREGG COUNTY, TX",048183,2005,TX,1,13
"GREGG COUNTY, TX",048183,2009,TX,1,13
"GREGG COUNTY, TX",048183,2011,TX,1,13
"GUADALUPE COUNTY, TX",048187,2006,TX,1,10
"GUADALUPE COUNTY, TX",048187,2009,TX,1,11
"GUADALUPE COUNTY, TX",048187,2010,TX,1,11
"GUADALUPE COUNTY, TX",048187,2011,TX,1,11
"GUADALUPE COUNTY, TX",048187,2012,TX,1,10
"HARDIN COUNTY, TX",048199,2005,TX,1,10
"HARDIN COUNTY, TX",048199,2009,TX,1,11
"HARDIN COUNTY, TX",048199,2010,TX,1,11
"HARDIN COUNTY, TX",048199,2012,TX,1,11
"HARDIN COUNTY, TX",048199,2014,TX,1,10
"HARRIS COUNTY, TX",048201,2003,TX,1,337
"HARRIS COUNTY, TX",048201,2004,TX,1,385
"HARRIS COUNTY, TX",048201,2005,TX,1,364
"HARRIS COUNTY, TX",048201,2006,TX,1,427
"HARRIS COUNTY, TX",048201,2007,TX,1,528
"HARRIS COUNTY, TX",048201,2008,TX,1,326
"HARRIS COUNTY, TX",048201,2009,TX,1,422
"HARRIS COUNTY, TX",048201,2010,TX,1,445
"HARRIS COUNTY, TX",048201,2011,TX,1,389
"HARRIS COUNTY, TX",048201,2012,TX,1,366
"HARRIS COUNTY, TX",048201,2013,TX,1,441
"HARRIS COUNTY, TX",048201,2014,TX,1,411
"HARRIS COUNTY, TX",048201,2015,TX,1,469
"HAYS COUNTY, TX",048209,2008,TX,1,11
"HAYS COUNTY, TX",048209,2010,TX,1,16
"HAYS COUNTY, TX",048209,2013,TX,1,10
"HAYS COUNTY, TX",048209,2015,TX,1,14
"HENDERSON COUNTY, TX",048213,2008,TX,1,10
"HENDERSON COUNTY, TX",048213,2010,TX,1,10
"HENDERSON COUNTY, TX",048213,2014,TX,1,13
"HENDERSON COUNTY, TX",048213,2015,TX,1,13
"HERNANDO COUNTY, FL",012053,2003,FL,1,15
"HERNANDO COUNTY, FL",012053,2004,FL,1,14
"HERNANDO COUNTY, FL",012053,2005,FL,1,19
"HERNANDO COUNTY, FL",012053,2006,FL,1,25
"HERNANDO COUNTY, FL",012053,2007,FL,1,36
"HERNANDO COUNTY, FL",012053,2008,FL,1,45
"HERNANDO COUNTY, FL",012053,2009,FL,1,43
"HERNANDO COUNTY, FL",012053,2010,FL,1,50
"HERNANDO COUNTY, FL",012053,2011,FL,1,33
"HERNANDO COUNTY, FL",012053,2012,FL,1,25
"HERNANDO COUNTY, FL",012053,2013,FL,1,38
"HERNANDO COUNTY, FL",012053,2014,FL,1,25
"HERNANDO COUNTY, FL",012053,2015,FL,1,27
"HIDALGO COUNTY, TX",048215,2004,TX,1,11
"HIDALGO COUNTY, TX",048215,2005,TX,1,10
"HIDALGO COUNTY, TX",048215,2006,TX,1,10
"HIDALGO COUNTY, TX",048215,2007,TX,1,19
"HIDALGO COUNTY, TX",048215,2008,TX,1,20
"HIDALGO COUNTY, TX",048215,2009,TX,1,18
"HIDALGO COUNTY, TX",048215,2010,TX,1,14
"HIDALGO COUNTY, TX",048215,2011,TX,1,18
"HIDALGO COUNTY, TX",048215,2012,TX,1,16
"HIDALGO COUNTY, TX",048215,2013,TX,1,30
"HIDALGO COUNTY, TX",048215,2014,TX,1,18
"HIDALGO COUNTY, TX",048215,2015,TX,1,22
"HIGHLANDS COUNTY, FL",012055,2003,FL,1,10
"HIGHLANDS COUNTY, FL",012055,2011,FL,1,17
"HIGHLANDS COUNTY, FL",012055,2012,FL,1,11
"HIGHLANDS COUNTY, FL",012055,2013,FL,1,17
"HIGHLANDS COUNTY, FL",012055,2014,FL,1,13
"HILLSBOROUGH COUNTY, FL",012057,2003,FL,1,138
"HILLSBOROUGH COUNTY, FL",012057,2004,FL,1,146
"HILLSBOROUGH COUNTY, FL",012057,2005,FL,1,177
"HILLSBOROUGH COUNTY, FL",012057,2006,FL,1,197
"HILLSBOROUGH COUNTY, FL",012057,2007,FL,1,257
"HILLSBOROUGH COUNTY, FL",012057,2008,FL,1,244
"HILLSBOROUGH COUNTY, FL",012057,2009,FL,1,270
"HILLSBOROUGH COUNTY, FL",012057,2010,FL,1,269
"HILLSBOROUGH COUNTY, FL",012057,2011,FL,1,242
"HILLSBOROUGH COUNTY, FL",012057,2012,FL,1,185
"HILLSBOROUGH COUNTY, FL",012057,2013,FL,1,163
"HILLSBOROUGH COUNTY, FL",012057,2014,FL,1,163
"HILLSBOROUGH COUNTY, FL",012057,2015,FL,1,176
"HOOD COUNTY, TX",048221,2013,TX,1,10
"HOPKINS COUNTY, TX",048223,2010,TX,1,10
"HOUSTON COUNTY, AL",001069,2007,AL,1,10
"HOUSTON COUNTY, AL",001069,2008,AL,1,12
"HOUSTON COUNTY, AL",001069,2009,AL,1,10
"HOUSTON COUNTY, AL",001069,2010,AL,1,13
"HOUSTON COUNTY, AL",001069,2011,AL,1,12
"HOUSTON COUNTY, AL",001069,2013,AL,1,17
"HOUSTON COUNTY, AL",001069,2014,AL,1,12
"HOUSTON COUNTY, AL",001069,2015,AL,1,10
"HUNT COUNTY, TX",048231,2008,TX,1,13
"HUNT COUNTY, TX",048231,2013,TX,1,10
"INDIAN RIVER COUNTY, FL",012061,2003,FL,1,10
"INDIAN RIVER COUNTY, FL",012061,2004,FL,1,10
"INDIAN RIVER COUNTY, FL",012061,2005,FL,1,15
"INDIAN RIVER COUNTY, FL",012061,2006,FL,1,23
"INDIAN RIVER COUNTY, FL",012061,2007,FL,1,22
"INDIAN RIVER COUNTY, FL",012061,2008,FL,1,29
"INDIAN RIVER COUNTY, FL",012061,2009,FL,1,31
"INDIAN RIVER COUNTY, FL",012061,2010,FL,1,18
"INDIAN RIVER COUNTY, FL",012061,2011,FL,1,25
"INDIAN RIVER COUNTY, FL",012061,2012,FL,1,17
"INDIAN RIVER COUNTY, FL",012061,2013,FL,1,11
"INDIAN RIVER COUNTY, FL",012061,2014,FL,1,22
"INDIAN RIVER COUNTY, FL",012061,2015,FL,1,17
"ISLAND COUNTY, WA",053029,2012,WA,1,10
"ISLAND COUNTY, WA",053029,2014,WA,1,13
"ISLAND COUNTY, WA",053029,2015,WA,1,11
"JACKSON COUNTY, AL",001071,2012,AL,1,11
"JACKSON COUNTY, OR",041029,2003,OR,1,17
"JACKSON COUNTY, OR",041029,2004,OR,1,27
"JACKSON COUNTY, OR",041029,2005,OR,1,21
"JACKSON COUNTY, OR",041029,2006,OR,1,42
"JACKSON COUNTY, OR",041029,2007,OR,1,10
"JACKSON COUNTY, OR",041029,2008,OR,1,14
"JACKSON COUNTY, OR",041029,2009,OR,1,13
"JACKSON COUNTY, OR",041029,2010,OR,1,15
"JACKSON COUNTY, OR",041029,2011,OR,1,22
"JACKSON COUNTY, OR",041029,2012,OR,1,41
"JACKSON COUNTY, OR",041029,2013,OR,1,20
"JACKSON COUNTY, OR",041029,2014,OR,1,22
"JACKSON COUNTY, OR",041029,2015,OR,1,32
"JEFFERSON COUNTY, AL",001073,2003,AL,1,69
"JEFFERSON COUNTY, AL",001073,2004,AL,1,63
"JEFFERSON COUNTY, AL",001073,2005,AL,1,59
"JEFFERSON COUNTY, AL",001073,2006,AL,1,86
"JEFFERSON COUNTY, AL",001073,2007,AL,1,93
"JEFFERSON COUNTY, AL",001073,2008,AL,1,83
"JEFFERSON COUNTY, AL",001073,2009,AL,1,129
"JEFFERSON COUNTY, AL",001073,2010,AL,1,70
"JEFFERSON COUNTY, AL",001073,2011,AL,1,109
"JEFFERSON COUNTY, AL",001073,2012,AL,1,108
"JEFFERSON COUNTY, AL",001073,2013,AL,1,116
"JEFFERSON COUNTY, AL",001073,2014,AL,1,210
"JEFFERSON COUNTY, AL",001073,2015,AL,1,177
"JEFFERSON COUNTY, TX",048245,2003,TX,1,16
"JEFFERSON COUNTY, TX",048245,2004,TX,1,17
"JEFFERSON COUNTY, TX",048245,2005,TX,1,25
"JEFFERSON COUNTY, TX",048245,2006,TX,1,51
"JEFFERSON COUNTY, TX",048245,2007,TX,1,27
"JEFFERSON COUNTY, TX",048245,2008,TX,1,37
"JEFFERSON COUNTY, TX",048245,2009,TX,1,30
"JEFFERSON COUNTY, TX",048245,2010,TX,1,34
"JEFFERSON COUNTY, TX",048245,2011,TX,1,31
"JEFFERSON COUNTY, TX",048245,2012,TX,1,30
"JEFFERSON COUNTY, TX",048245,2013,TX,1,25
"JEFFERSON COUNTY, TX",048245,2014,TX,1,29
"JEFFERSON COUNTY, TX",048245,2015,TX,1,24
"JOHNSON COUNTY, TX",048251,2006,TX,1,10
"JOHNSON COUNTY, TX",048251,2008,TX,1,13
"JOHNSON COUNTY, TX",048251,2010,TX,1,11
"JOHNSON COUNTY, TX",048251,2011,TX,1,12
"JOHNSON COUNTY, TX",048251,2012,TX,1,13
"JOHNSON COUNTY, TX",048251,2013,TX,1,11
"JOHNSON COUNTY, TX",048251,2014,TX,1,15
"JOHNSON COUNTY, TX",048251,2015,TX,1,13
"JOSEPHINE COUNTY, OR",041033,2007,OR,1,13
"JOSEPHINE COUNTY, OR",041033,2014,OR,1,12
"JOSEPHINE COUNTY, OR",041033,2015,OR,1,11
"KAUFMAN COUNTY, TX",048257,2008,TX,1,10
"KAUFMAN COUNTY, TX",048257,2012,TX,1,12
"KAUFMAN COUNTY, TX",048257,2013,TX,1,11
"KAUFMAN COUNTY, TX",048257,2014,TX,1,14
"KAUFMAN COUNTY, TX",048257,2015,TX,1,13
"KERR COUNTY, TX",048265,2011,TX,1,10
"KING COUNTY, WA",053033,2003,WA,1,205
"KING COUNTY, WA",053033,2004,WA,1,245
"KING COUNTY, WA",053033,2005,WA,1,242
"KING COUNTY, WA",053033,2006,WA,1,274
"KING COUNTY, WA",053033,2007,WA,1,258
"KING COUNTY, WA",053033,2008,WA,1,245
"KING COUNTY, WA",053033,2009,WA,1,246
"KING COUNTY, WA",053033,2010,WA,1,238
"KING COUNTY, WA",053033,2011,WA,1,250
"KING COUNTY, WA",053033,2012,WA,1,261
"KING COUNTY, WA",053033,2013,WA,1,276
"KING COUNTY, WA",053033,2014,WA,1,309
"KING COUNTY, WA",053033,2015,WA,1,308
"KITSAP COUNTY, WA",053035,2003,WA,1,23
"KITSAP COUNTY, WA",053035,2004,WA,1,16
"KITSAP COUNTY, WA",053035,2005,WA,1,16
"KITSAP COUNTY, WA",053035,2006,WA,1,14
"KITSAP COUNTY, WA",053035,2007,WA,1,23
"KITSAP COUNTY, WA",053035,2008,WA,1,25
"KITSAP COUNTY, WA",053035,2009,WA,1,24
"KITSAP COUNTY, WA",053035,2010,WA,1,19
"KITSAP COUNTY, WA",053035,2011,WA,1,25
"KITSAP COUNTY, WA",053035,2012,WA,1,20
"KITSAP COUNTY, WA",053035,2013,WA,1,16
"KITSAP COUNTY, WA",053035,2014,WA,1,20
"KITSAP COUNTY, WA",053035,2015,WA,1,29
"KLAMATH COUNTY, OR",041035,2015,OR,1,10
"LAKE COUNTY, FL",012069,2003,FL,1,17
"LAKE COUNTY, FL",012069,2004,FL,1,10
"LAKE COUNTY, FL",012069,2005,FL,1,18
"LAKE COUNTY, FL",012069,2006,FL,1,16
"LAKE COUNTY, FL",012069,2007,FL,1,20
"LAKE COUNTY, FL",012069,2008,FL,1,24
"LAKE COUNTY, FL",012069,2009,FL,1,32
"LAKE COUNTY, FL",012069,2010,FL,1,34
"LAKE COUNTY, FL",012069,2011,FL,1,38
"LAKE COUNTY, FL",012069,2012,FL,1,26
"LAKE COUNTY, FL",012069,2013,FL,1,22
"LAKE COUNTY, FL",012069,2014,FL,1,40
"LAKE COUNTY, FL",012069,2015,FL,1,48
"LANE COUNTY, OR",041039,2003,OR,1,18
"LANE COUNTY, OR",041039,2004,OR,1,36
"LANE COUNTY, OR",041039,2005,OR,1,42
"LANE COUNTY, OR",041039,2006,OR,1,50
"LANE COUNTY, OR",041039,2007,OR,1,35
"LANE COUNTY, OR",041039,2008,OR,1,39
"LANE COUNTY, OR",041039,2009,OR,1,75
"LANE COUNTY, OR",041039,2010,OR,1,61
"LANE COUNTY, OR",041039,2011,OR,1,48
"LANE COUNTY, OR",041039,2012,OR,1,34
"LANE COUNTY, OR",041039,2013,OR,1,54
"LANE COUNTY, OR",041039,2014,OR,1,71
"LANE COUNTY, OR",041039,2015,OR,1,64
"LAUDERDALE COUNTY, AL",001077,2007,AL,1,16
"LAUDERDALE COUNTY, AL",001077,2008,AL,1,16
"LAUDERDALE COUNTY, AL",001077,2010,AL,1,10
"LAUDERDALE COUNTY, AL",001077,2011,AL,1,12
"LAWRENCE COUNTY, AL",001079,2009,AL,1,10
"LE FLORE COUNTY, OK",040079,2009,OK,1,10
"LE FLORE COUNTY, OK",040079,2011,OK,1,14
"LE FLORE COUNTY, OK",040079,2012,OK,1,10
"LE FLORE COUNTY, OK",040079,2013,OK,1,11
"LE FLORE COUNTY, OK",040079,2014,OK,1,10
"LE FLORE COUNTY, OK",040079,2015,OK,1,10
"LEE COUNTY, AL",001081,2009,AL,1,10
"LEE COUNTY, AL",001081,2013,AL,1,10
"LEE COUNTY, AL",001081,2014,AL,1,10
"LEE COUNTY, AL",001081,2015,AL,1,14
"LEE COUNTY, FL",012071,2003,FL,1,77
"LEE COUNTY, FL",012071,2004,FL,1,98
"LEE COUNTY, FL",012071,2005,FL,1,81
"LEE COUNTY, FL",012071,2006,FL,1,98
"LEE COUNTY, FL",012071,2007,FL,1,98
"LEE COUNTY, FL",012071,2008,FL,1,95
"LEE COUNTY, FL",012071,2009,FL,1,93
"LEE COUNTY, FL",012071,2010,FL,1,106
"LEE COUNTY, FL",012071,2011,FL,1,96
"LEE COUNTY, FL",012071,2012,FL,1,67
"LEE COUNTY, FL",012071,2013,FL,1,60
"LEE COUNTY, FL",012071,2014,FL,1,86
"LEE COUNTY, FL",012071,2015,FL,1,102
"LEON COUNTY, FL",012073,2003,FL,1,11
"LEON COUNTY, FL",012073,2005,FL,1,16
"LEON COUNTY, FL",012073,2007,FL,1,13
"LEON COUNTY, FL",012073,2008,FL,1,14
"LEON COUNTY, FL",012073,2011,FL,1,13
"LEON COUNTY, FL",012073,2013,FL,1,11
"LEON COUNTY, FL",012073,2014,FL,1,18
"LEON COUNTY, FL",012073,2015,FL,1,14
"LEVY COUNTY, FL",012075,2012,FL,1,13
"LEWIS COUNTY, WA",053041,2005,WA,1,13
"LEWIS COUNTY, WA",053041,2007,WA,1,12
"LEWIS COUNTY, WA",053041,2008,WA,1,11
"LEWIS COUNTY, WA",053041,2009,WA,1,11
"LEWIS COUNTY, WA",053041,2010,WA,1,11
"LEWIS COUNTY, WA",053041,2011,WA,1,17
"LEWIS COUNTY, WA",053041,2014,WA,1,10
"LIBERTY COUNTY, TX",048291,2006,TX,1,12
"LIBERTY COUNTY, TX",048291,2007,TX,1,20
"LIBERTY COUNTY, TX",048291,2008,TX,1,13
"LIBERTY COUNTY, TX",048291,2009,TX,1,16
"LIBERTY COUNTY, TX",048291,2010,TX,1,12
"LIBERTY COUNTY, TX",048291,2011,TX,1,10
"LIBERTY COUNTY, TX",048291,2015,TX,1,14
"LIMESTONE COUNTY, AL",001083,2008,AL,1,10
"LIMESTONE COUNTY, AL",001083,2009,AL,1,11
"LIMESTONE COUNTY, AL",001083,2010,AL,1,13
"LINCOLN COUNTY, OR",041041,2014,OR,1,12
"LINN COUNTY, OR",041043,2005,OR,1,10
"LINN COUNTY, OR",041043,2006,OR,1,10
"LINN COUNTY, OR",041043,2009,OR,1,12
"LINN COUNTY, OR",041043,2010,OR,1,12
"LINN COUNTY, OR",041043,2011,OR,1,17
"LINN COUNTY, OR",041043,2012,OR,1,11
"LINN COUNTY, OR",041043,2013,OR,1,14
"LINN COUNTY, OR",041043,2014,OR,1,23
"LINN COUNTY, OR",041043,2015,OR,1,10
"LUBBOCK COUNTY, TX",048303,2003,TX,1,14
"LUBBOCK COUNTY, TX",048303,2004,TX,1,17
"LUBBOCK COUNTY, TX",048303,2005,TX,1,22
"LUBBOCK COUNTY, TX",048303,2006,TX,1,18
"LUBBOCK COUNTY, TX",048303,2007,TX,1,15
"LUBBOCK COUNTY, TX",048303,2008,TX,1,18
"LUBBOCK COUNTY, TX",048303,2009,TX,1,18
"LUBBOCK COUNTY, TX",048303,2010,TX,1,19
"LUBBOCK COUNTY, TX",048303,2011,TX,1,21
"LUBBOCK COUNTY, TX",048303,2012,TX,1,19
"LUBBOCK COUNTY, TX",048303,2013,TX,1,29
"LUBBOCK COUNTY, TX",048303,2014,TX,1,27
"LUBBOCK COUNTY, TX",048303,2015,TX,1,27
"MADISON COUNTY, AL",001089,2004,AL,1,12
"MADISON COUNTY, AL",001089,2005,AL,1,13
"MADISON COUNTY, AL",001089,2007,AL,1,11
"MADISON COUNTY, AL",001089,2008,AL,1,20
"MADISON COUNTY, AL",001089,2009,AL,1,27
"MADISON COUNTY, AL",001089,2010,AL,1,28
"MADISON COUNTY, AL",001089,2011,AL,1,25
"MADISON COUNTY, AL",001089,2012,AL,1,25
"MADISON COUNTY, AL",001089,2013,AL,1,19
"MADISON COUNTY, AL",001089,2014,AL,1,19
"MADISON COUNTY, AL",001089,2015,AL,1,38
"MANATEE COUNTY, FL",012081,2003,FL,1,42
"MANATEE COUNTY, FL",012081,2004,FL,1,46
"MANATEE COUNTY, FL",012081,2005,FL,1,43
"MANATEE COUNTY, FL",012081,2006,FL,1,54
"MANATEE COUNTY, FL",012081,2007,FL,1,46
"MANATEE COUNTY, FL",012081,2008,FL,1,45
"MANATEE COUNTY, FL",012081,2009,FL,1,74
"MANATEE COUNTY, FL",012081,2010,FL,1,76
"MANATEE COUNTY, FL",012081,2011,FL,1,73
"MANATEE COUNTY, FL",012081,2012,FL,1,40
"MANATEE COUNTY, FL",012081,2013,FL,1,69
"MANATEE COUNTY, FL",012081,2014,FL,1,91
"MANATEE COUNTY, FL",012081,2015,FL,1,148
"MARION COUNTY, FL",012083,2003,FL,1,43
"MARION COUNTY, FL",012083,2004,FL,1,18
"MARION COUNTY, FL",012083,2005,FL,1,28
"MARION COUNTY, FL",012083,2006,FL,1,55
"MARION COUNTY, FL",012083,2007,FL,1,30
"MARION COUNTY, FL",012083,2008,FL,1,38
"MARION COUNTY, FL",012083,2009,FL,1,53
"MARION COUNTY, FL",012083,2010,FL,1,51
"MARION COUNTY, FL",012083,2011,FL,1,46
"MARION COUNTY, FL",012083,2012,FL,1,44
"MARION COUNTY, FL",012083,2013,FL,1,45
"MARION COUNTY, FL",012083,2014,FL,1,57
"MARION COUNTY, FL",012083,2015,FL,1,42
"MARION COUNTY, OR",041047,2003,OR,1,23
"MARION COUNTY, OR",041047,2004,OR,1,23
"MARION COUNTY, OR",041047,2005,OR,1,26
"MARION COUNTY, OR",041047,2006,OR,1,23
"MARION COUNTY, OR",041047,2007,OR,1,29
"MARION COUNTY, OR",041047,2008,OR,1,19
"MARION COUNTY, OR",041047,2009,OR,1,29
"MARION COUNTY, OR",041047,2010,OR,1,42
"MARION COUNTY, OR",041047,2011,OR,1,24
"MARION COUNTY, OR",041047,2012,OR,1,41
"MARION COUNTY, OR",041047,2013,OR,1,12
"MARION COUNTY, OR",041047,2014,OR,1,11
"MARION COUNTY, OR",041047,2015,OR,1,26
"MARSHALL COUNTY, AL",001095,2012,AL,1,11
"MARSHALL COUNTY, AL",001095,2013,AL,1,13
"MARSHALL COUNTY, AL",001095,2014,AL,1,19
"MARSHALL COUNTY, AL",001095,2015,AL,1,24
"MARTIN COUNTY, FL",012085,2003,FL,1,15
"MARTIN COUNTY, FL",012085,2004,FL,1,16
"MARTIN COUNTY, FL",012085,2005,FL,1,25
"MARTIN COUNTY, FL",012085,2006,FL,1,17
"MARTIN COUNTY, FL",012085,2007,FL,1,27
"MARTIN COUNTY, FL",012085,2008,FL,1,22
"MARTIN COUNTY, FL",012085,2009,FL,1,24
"MARTIN COUNTY, FL",012085,2010,FL,1,20
"MARTIN COUNTY, FL",012085,2011,FL,1,22
"MARTIN COUNTY, FL",012085,2012,FL,1,17
"MARTIN COUNTY, FL",012085,2013,FL,1,18
"MARTIN COUNTY, FL",012085,2014,FL,1,16
"MARTIN COUNTY, FL",012085,2015,FL,1,23
"MASON COUNTY, WA",053045,2012,WA,1,14
"MASON COUNTY, WA",053045,2013,WA,1,10
"MASON COUNTY, WA",053045,2015,WA,1,10
"MAYES COUNTY, OK",040097,2010,OK,1,11
"MAYES COUNTY, OK",040097,2014,OK,1,10
"MAYES COUNTY, OK",040097,2015,OK,1,12
"MCCLAIN COUNTY, OK",040087,2015,OK,1,10
"MCCURTAIN COUNTY, OK",040089,2009,OK,1,10
"MCCURTAIN COUNTY, OK",040089,2012,OK,1,10
"MCLENNAN COUNTY, TX",048309,2004,TX,1,11
"MCLENNAN COUNTY, TX",048309,2005,TX,1,10
"MCLENNAN COUNTY, TX",048309,2006,TX,1,15
"MCLENNAN COUNTY, TX",048309,2007,TX,1,12
"MCLENNAN COUNTY, TX",048309,2009,TX,1,12
"MCLENNAN COUNTY, TX",048309,2010,TX,1,14
"MCLENNAN COUNTY, TX",048309,2012,TX,1,20
"MCLENNAN COUNTY, TX",048309,2013,TX,1,11
"MCLENNAN COUNTY, TX",048309,2014,TX,1,13
"MCLENNAN COUNTY, TX",048309,2015,TX,1,21
"MIAMI-DADE COUNTY, FL",012086,2003,FL,1,111
"MIAMI-DADE COUNTY, FL",012086,2004,FL,1,145
"MIAMI-DADE COUNTY, FL",012086,2005,FL,1,154
"MIAMI-DADE COUNTY, FL",012086,2006,FL,1,152
"MIAMI-DADE COUNTY, FL",012086,2007,FL,1,149
"MIAMI-DADE COUNTY, FL",012086,2008,FL,1,149
"MIAMI-DADE COUNTY, FL",012086,2009,FL,1,155
"MIAMI-DADE COUNTY, FL",012086,2010,FL,1,112
"MIAMI-DADE COUNTY, FL",012086,2011,FL,1,133
"MIAMI-DADE COUNTY, FL",012086,2012,FL,1,145
"MIAMI-DADE COUNTY, FL",012086,2013,FL,1,124
"MIAMI-DADE COUNTY, FL",012086,2014,FL,1,156
"MIAMI-DADE COUNTY, FL",012086,2015,FL,1,202
"MIDLAND COUNTY, TX",048329,2005,TX,1,11
"MIDLAND COUNTY, TX",048329,2006,TX,1,11
"MIDLAND COUNTY, TX",048329,2007,TX,1,12
"MIDLAND COUNTY, TX",048329,2008,TX,1,15
"MIDLAND COUNTY, TX",048329,2010,TX,1,12
"MIDLAND COUNTY, TX",048329,2011,TX,1,14
"MIDLAND COUNTY, TX",048329,2013,TX,1,17
"MIDLAND COUNTY, TX",048329,2014,TX,1,17
"MIDLAND COUNTY, TX",048329,2015,TX,1,11
"MOBILE COUNTY, AL",001097,2003,AL,1,26
"MOBILE COUNTY, AL",001097,2004,AL,1,27
"MOBILE COUNTY, AL",001097,2005,AL,1,22
"MOBILE COUNTY, AL",001097,2006,AL,1,33
"MOBILE COUNTY, AL",001097,2007,AL,1,49
"MOBILE COUNTY, AL",001097,2008,AL,1,49
"MOBILE COUNTY, AL",001097,2009,AL,1,50
"MOBILE COUNTY, AL",001097,2010,AL,1,39
"MOBILE COUNTY, AL",001097,2011,AL,1,43
"MOBILE COUNTY, AL",001097,2012,AL,1,58
"MOBILE COUNTY, AL",001097,2013,AL,1,57
"MOBILE COUNTY, AL",001097,2014,AL,1,54
"MOBILE COUNTY, AL",001097,2015,AL,1,64
"MONROE COUNTY, FL",012087,2003,FL,1,17
"MONROE COUNTY, FL",012087,2004,FL,1,14
"MONROE COUNTY, FL",012087,2006,FL,1,15
"MONROE COUNTY, FL",012087,2007,FL,1,17
"MONROE COUNTY, FL",012087,2008,FL,1,18
"MONROE COUNTY, FL",012087,2010,FL,1,16
"MONROE COUNTY, FL",012087,2011,FL,1,20
"MONROE COUNTY, FL",012087,2014,FL,1,10
"MONROE COUNTY, FL",012087,2015,FL,1,19
"MONTGOMERY COUNTY, AL",001101,2004,AL,1,10
"MONTGOMERY COUNTY, AL",001101,2006,AL,1,12
"MONTGOMERY COUNTY, AL",001101,2009,AL,1,11
"MONTGOMERY COUNTY, AL",001101,2010,AL,1,16
"MONTGOMERY COUNTY, AL",001101,2012,AL,1,15
"MONTGOMERY COUNTY, AL",001101,2014,AL,1,18
"MONTGOMERY COUNTY, AL",001101,2015,AL,1,12
"MONTGOMERY COUNTY, TX",048339,2003,TX,1,57
"MONTGOMERY COUNTY, TX",048339,2004,TX,1,28
"MONTGOMERY COUNTY, TX",048339,2005,TX,1,41
"MONTGOMERY COUNTY, TX",048339,2006,TX,1,73
"MONTGOMERY COUNTY, TX",048339,2007,TX,1,58
"MONTGOMERY COUNTY, TX",048339,2008,TX,1,51
"MONTGOMERY COUNTY, TX",048339,2009,TX,1,54
"MONTGOMERY COUNTY, TX",048339,2010,TX,1,30
"MONTGOMERY COUNTY, TX",048339,2011,TX,1,42
"MONTGOMERY COUNTY, TX",048339,2012,TX,1,33
"MONTGOMERY COUNTY, TX",048339,2013,TX,1,41
"MONTGOMERY COUNTY, TX",048339,2014,TX,1,31
"MONTGOMERY COUNTY, TX",048339,2015,TX,1,48
"MORGAN COUNTY, AL",001103,2004,AL,1,11
"MORGAN COUNTY, AL",001103,2005,AL,1,10
"MORGAN COUNTY, AL",001103,2006,AL,1,12
"MORGAN COUNTY, AL",001103,2007,AL,1,15
"MORGAN COUNTY, AL",001103,2008,AL,1,17
"MORGAN COUNTY, AL",001103,2009,AL,1,28
"MORGAN COUNTY, AL",001103,2010,AL,1,13
"MORGAN COUNTY, AL",001103,2011,AL,1,14
"MORGAN COUNTY, AL",001103,2012,AL,1,18
"MORGAN COUNTY, AL",001103,2013,AL,1,18
"MORGAN COUNTY, AL",001103,2015,AL,1,20
"MULTNOMAH COUNTY, OR",041051,2003,OR,1,147
"MULTNOMAH COUNTY, OR",041051,2004,OR,1,146
"MULTNOMAH COUNTY, OR",041051,2005,OR,1,157
"MULTNOMAH COUNTY, OR",041051,2006,OR,1,165
"MULTNOMAH COUNTY, OR",041051,2007,OR,1,178
"MULTNOMAH COUNTY, OR",041051,2008,OR,1,156
"MULTNOMAH COUNTY, OR",041051,2009,OR,1,146
"MULTNOMAH COUNTY, OR",041051,2010,OR,1,143
"MULTNOMAH COUNTY, OR",041051,2011,OR,1,160
"MULTNOMAH COUNTY, OR",041051,2012,OR,1,146
"MULTNOMAH COUNTY, OR",041051,2013,OR,1,141
"MULTNOMAH COUNTY, OR",041051,2014,OR,1,139
"MULTNOMAH COUNTY, OR",041051,2015,OR,1,147
"MUSKOGEE COUNTY, OK",040101,2004,OK,1,14
"MUSKOGEE COUNTY, OK",040101,2007,OK,1,12
"MUSKOGEE COUNTY, OK",040101,2008,OK,1,16
"MUSKOGEE COUNTY, OK",040101,2009,OK,1,15
"MUSKOGEE COUNTY, OK",040101,2010,OK,1,16
"MUSKOGEE COUNTY, OK",040101,2011,OK,1,15
"MUSKOGEE COUNTY, OK",040101,2012,OK,1,12
"MUSKOGEE COUNTY, OK",040101,2013,OK,1,14
"MUSKOGEE COUNTY, OK",040101,2014,OK,1,28
"MUSKOGEE COUNTY, OK",040101,2015,OK,1,18
"NACOGDOCHES COUNTY, TX",048347,2015,TX,1,15
"NASSAU COUNTY, FL",012089,2004,FL,1,13
"NASSAU COUNTY, FL",012089,2005,FL,1,17
"NASSAU COUNTY, FL",012089,2007,FL,1,10
"NASSAU COUNTY, FL",012089,2008,FL,1,17
"NASSAU COUNTY, FL",012089,2009,FL,1,10
"NASSAU COUNTY, FL",012089,2010,FL,1,14
"NASSAU COUNTY, FL",012089,2011,FL,1,13
"NASSAU COUNTY, FL",012089,2012,FL,1,16
"NASSAU COUNTY, FL",012089,2013,FL,1,14
"NUECES COUNTY, TX",048355,2003,TX,1,37
"NUECES COUNTY, TX",048355,2004,TX,1,29
"NUECES COUNTY, TX",048355,2005,TX,1,37
"NUECES COUNTY, TX",048355,2006,TX,1,59
"NUECES COUNTY, TX",048355,2007,TX,1,37
"NUECES COUNTY, TX",048355,2008,TX,1,40
"NUECES COUNTY, TX",048355,2009,TX,1,53
"NUECES COUNTY, TX",048355,2010,TX,1,45
"NUECES COUNTY, TX",048355,2011,TX,1,58
"NUECES COUNTY, TX",048355,2012,TX,1,49
"NUECES COUNTY, TX",048355,2013,TX,1,53
"NUECES COUNTY, TX",048355,2014,TX,1,56
"NUECES COUNTY, TX",048355,2015,TX,1,53
"OKALOOSA COUNTY, FL",012091,2003,FL,1,20
"OKALOOSA COUNTY, FL",012091,2004,FL,1,22
"OKALOOSA COUNTY, FL",012091,2005,FL,1,21
"OKALOOSA COUNTY, FL",012091,2006,FL,1,27
"OKALOOSA COUNTY, FL",012091,2007,FL,1,29
"OKALOOSA COUNTY, FL",012091,2008,FL,1,16
"OKALOOSA COUNTY, FL",012091,2009,FL,1,16
"OKALOOSA COUNTY, FL",012091,2010,FL,1,13
"OKALOOSA COUNTY, FL",012091,2011,FL,1,16
"OKALOOSA COUNTY, FL",012091,2012,FL,1,14
"OKALOOSA COUNTY, FL",012091,2014,FL,1,17
"OKALOOSA COUNTY, FL",012091,2015,FL,1,39
"OKEECHOBEE COUNTY, FL",012093,2008,FL,1,11
"OKEECHOBEE COUNTY, FL",012093,2011,FL,1,10
"OKEECHOBEE COUNTY, FL",012093,2012,FL,1,10
"OKEECHOBEE COUNTY, FL",012093,2015,FL,1,10
"OKLAHOMA COUNTY, OK",040109,2003,OK,1,75
"OKLAHOMA COUNTY, OK",040109,2004,OK,1,99
"OKLAHOMA COUNTY, OK",040109,2005,OK,1,86
"OKLAHOMA COUNTY, OK",040109,2006,OK,1,96
"OKLAHOMA COUNTY, OK",040109,2007,OK,1,130
"OKLAHOMA COUNTY, OK",040109,2008,OK,1,101
"OKLAHOMA COUNTY, OK",040109,2009,OK,1,108
"OKLAHOMA COUNTY, OK",040109,2010,OK,1,153
"OKLAHOMA COUNTY, OK",040109,2011,OK,1,142
"OKLAHOMA COUNTY, OK",040109,2012,OK,1,179
"OKLAHOMA COUNTY, OK",040109,2013,OK,1,167
"OKLAHOMA COUNTY, OK",040109,2014,OK,1,161
"OKLAHOMA COUNTY, OK",040109,2015,OK,1,136
"OKMULGEE COUNTY, OK",040111,2012,OK,1,10
"ORANGE COUNTY, FL",012095,2003,FL,1,83
"ORANGE COUNTY, FL",012095,2004,FL,1,97
"ORANGE COUNTY, FL",012095,2005,FL,1,90
"ORANGE COUNTY, FL",012095,2006,FL,1,108
"ORANGE COUNTY, FL",012095,2007,FL,1,110
"ORANGE COUNTY, FL",012095,2008,FL,1,120
"ORANGE COUNTY, FL",012095,2009,FL,1,120
"ORANGE COUNTY, FL",012095,2010,FL,1,149
"ORANGE COUNTY, FL",012095,2011,FL,1,148
"ORANGE COUNTY, FL",012095,2012,FL,1,131
"ORANGE COUNTY, FL",012095,2013,FL,1,122
"ORANGE COUNTY, FL",012095,2014,FL,1,177
"ORANGE COUNTY, FL",012095,2015,FL,1,195
"ORANGE COUNTY, TX",048361,2003,TX,1,17
"ORANGE COUNTY, TX",048361,2004,TX,1,18
"ORANGE COUNTY, TX",048361,2005,TX,1,19
"ORANGE COUNTY, TX",048361,2006,TX,1,34
"ORANGE COUNTY, TX",048361,2007,TX,1,21
"ORANGE COUNTY, TX",048361,2008,TX,1,20
"ORANGE COUNTY, TX",048361,2009,TX,1,29
"ORANGE COUNTY, TX",048361,2010,TX,1,25
"ORANGE COUNTY, TX",048361,2011,TX,1,16
"ORANGE COUNTY, TX",048361,2012,TX,1,14
"ORANGE COUNTY, TX",048361,2013,TX,1,10
"ORANGE COUNTY, TX",048361,2014,TX,1,13
"ORANGE COUNTY, TX",048361,2015,TX,1,12
"OSCEOLA COUNTY, FL",012097,2003,FL,1,12
"OSCEOLA COUNTY, FL",012097,2004,FL,1,13
"OSCEOLA COUNTY, FL",012097,2005,FL,1,16
"OSCEOLA COUNTY, FL",012097,2006,FL,1,13
"OSCEOLA COUNTY, FL",012097,2007,FL,1,26
"OSCEOLA COUNTY, FL",012097,2008,FL,1,18
"OSCEOLA COUNTY, FL",012097,2009,FL,1,15
"OSCEOLA COUNTY, FL",012097,2010,FL,1,22
"OSCEOLA COUNTY, FL",012097,2011,FL,1,35
"OSCEOLA COUNTY, FL",012097,2012,FL,1,29
"OSCEOLA COUNTY, FL",012097,2013,FL,1,27
"OSCEOLA COUNTY, FL",012097,2014,FL,1,36
"OSCEOLA COUNTY, FL",012097,2015,FL,1,37
"PALM BEACH COUNTY, FL",012099,2003,FL,1,199
"PALM BEACH COUNTY, FL",012099,2004,FL,1,209
"PALM BEACH COUNTY, FL",012099,2005,FL,1,229
"PALM BEACH COUNTY, FL",012099,2006,FL,1,229
"PALM BEACH COUNTY, FL",012099,2007,FL,1,262
"PALM BEACH COUNTY, FL",012099,2008,FL,1,271
"PALM BEACH COUNTY, FL",012099,2009,FL,1,276
"PALM BEACH COUNTY, FL",012099,2010,FL,1,230
"PALM BEACH COUNTY, FL",012099,2011,FL,1,203
"PALM BEACH COUNTY, FL",012099,2012,FL,1,185
"PALM BEACH COUNTY, FL",012099,2013,FL,1,233
"PALM BEACH COUNTY, FL",012099,2014,FL,1,249
"PALM BEACH COUNTY, FL",012099,2015,FL,1,317
"PARKER COUNTY, TX",048367,2003,TX,1,13
"PARKER COUNTY, TX",048367,2004,TX,1,10
"PARKER COUNTY, TX",048367,2008,TX,1,10
"PARKER COUNTY, TX",048367,2009,TX,1,20
"PARKER COUNTY, TX",048367,2010,TX,1,17
"PARKER COUNTY, TX",048367,2012,TX,1,16
"PARKER COUNTY, TX",048367,2014,TX,1,13
"PARKER COUNTY, TX",048367,2015,TX,1,15
"PASCO COUNTY, FL",012101,2003,FL,1,62
"PASCO COUNTY, FL",012101,2004,FL,1,83
"PASCO COUNTY, FL",012101,2005,FL,1,103
"PASCO COUNTY, FL",012101,2006,FL,1,127
"PASCO COUNTY, FL",012101,2007,FL,1,125
"PASCO COUNTY, FL",012101,2008,FL,1,147
"PASCO COUNTY, FL",012101,2009,FL,1,166
"PASCO COUNTY, FL",012101,2010,FL,1,173
"PASCO COUNTY, FL",012101,2011,FL,1,147
"PASCO COUNTY, FL",012101,2012,FL,1,109
"PASCO COUNTY, FL",012101,2013,FL,1,99
"PASCO COUNTY, FL",012101,2014,FL,1,105
"PASCO COUNTY, FL",012101,2015,FL,1,113
"PAYNE COUNTY, OK",040119,2009,OK,1,10
"PAYNE COUNTY, OK",040119,2011,OK,1,10
"PIERCE COUNTY, WA",053053,2003,WA,1,87
"PIERCE COUNTY, WA",053053,2004,WA,1,72
"PIERCE COUNTY, WA",053053,2005,WA,1,85
"PIERCE COUNTY, WA",053053,2006,WA,1,68
"PIERCE COUNTY, WA",053053,2007,WA,1,125
"PIERCE COUNTY, WA",053053,2008,WA,1,129
"PIERCE COUNTY, WA",053053,2009,WA,1,102
"PIERCE COUNTY, WA",053053,2010,WA,1,113
"PIERCE COUNTY, WA",053053,2011,WA,1,139
"PIERCE COUNTY, WA",053053,2012,WA,1,109
"PIERCE COUNTY, WA",053053,2013,WA,1,122
"PIERCE COUNTY, WA",053053,2014,WA,1,136
"PIERCE COUNTY, WA",053053,2015,WA,1,156
"PINELLAS COUNTY, FL",012103,2003,FL,1,135
"PINELLAS COUNTY, FL",012103,2004,FL,1,182
"PINELLAS COUNTY, FL",012103,2005,FL,1,236
"PINELLAS COUNTY, FL",012103,2006,FL,1,290
"PINELLAS COUNTY, FL",012103,2007,FL,1,235
"PINELLAS COUNTY, FL",012103,2008,FL,1,264
"PINELLAS COUNTY, FL",012103,2009,FL,1,265
"PINELLAS COUNTY, FL",012103,2010,FL,1,284
"PINELLAS COUNTY, FL",012103,2011,FL,1,244
"PINELLAS COUNTY, FL",012103,2012,FL,1,221
"PINELLAS COUNTY, FL",012103,2013,FL,1,176
"PINELLAS COUNTY, FL",012103,2014,FL,1,201
"PINELLAS COUNTY, FL",012103,2015,FL,1,204
"PITTSBURG COUNTY, OK",040121,2009,OK,1,13
"PITTSBURG COUNTY, OK",040121,2012,OK,1,14
"PITTSBURG COUNTY, OK",040121,2014,OK,1,16
"POLK COUNTY, FL",012105,2003,FL,1,42
"POLK COUNTY, FL",012105,2004,FL,1,62
"POLK COUNTY, FL",012105,2005,FL,1,60
"POLK COUNTY, FL",012105,2006,FL,1,67
"POLK COUNTY, FL",012105,2007,FL,1,82
"POLK COUNTY, FL",012105,2008,FL,1,95
"POLK COUNTY, FL",012105,2009,FL,1,103
"POLK COUNTY, FL",012105,2010,FL,1,86
"POLK COUNTY, FL",012105,2011,FL,1,112
"POLK COUNTY, FL",012105,2012,FL,1,84
"POLK COUNTY, FL",012105,2013,FL,1,88
"POLK COUNTY, FL",012105,2014,FL,1,93
"POLK COUNTY, FL",012105,2015,FL,1,96
"POLK COUNTY, TX",048373,2006,TX,1,13
"POLK COUNTY, TX",048373,2009,TX,1,11
"POLK COUNTY, TX",048373,2011,TX,1,10
"PONTOTOC COUNTY, OK",040123,2009,OK,1,14
"PONTOTOC COUNTY, OK",040123,2011,OK,1,14
"POTTAWATOMIE COUNTY, OK",040125,2006,OK,1,15
"POTTAWATOMIE COUNTY, OK",040125,2007,OK,1,12
"POTTAWATOMIE COUNTY, OK",040125,2008,OK,1,11
"POTTAWATOMIE COUNTY, OK",040125,2009,OK,1,20
"POTTAWATOMIE COUNTY, OK",040125,2011,OK,1,10
"POTTAWATOMIE COUNTY, OK",040125,2012,OK,1,11
"POTTAWATOMIE COUNTY, OK",040125,2013,OK,1,13
"POTTAWATOMIE COUNTY, OK",040125,2015,OK,1,11
"POTTER COUNTY, TX",048375,2008,TX,1,10
"POTTER COUNTY, TX",048375,2011,TX,1,12
"POTTER COUNTY, TX",048375,2013,TX,1,15
"POTTER COUNTY, TX",048375,2014,TX,1,14
"POTTER COUNTY, TX",048375,2015,TX,1,14
"PUTNAM COUNTY, FL",012107,2004,FL,1,10
"PUTNAM COUNTY, FL",012107,2010,FL,1,21
"PUTNAM COUNTY, FL",012107,2011,FL,1,17
"RANDALL COUNTY, TX",048381,2012,TX,1,12
"RANDALL COUNTY, TX",048381,2015,TX,1,11
"ROGERS COUNTY, OK",040131,2008,OK,1,11
"ROGERS COUNTY, OK",040131,2009,OK,1,11
"ROGERS COUNTY, OK",040131,2010,OK,1,10
"ROGERS COUNTY, OK",040131,2014,OK,1,12
"ROGERS COUNTY, OK",040131,2015,OK,1,13
"SAN PATRICIO COUNTY, TX",048409,2007,TX,1,12
"SAN PATRICIO COUNTY, TX",048409,2014,TX,1,11
"SANTA ROSA COUNTY, FL",012113,2003,FL,1,21
"SANTA ROSA COUNTY, FL",012113,2004,FL,1,18
"SANTA ROSA COUNTY, FL",012113,2005,FL,1,22
"SANTA ROSA COUNTY, FL",012113,2006,FL,1,28
"SANTA ROSA COUNTY, FL",012113,2007,FL,1,20
"SANTA ROSA COUNTY, FL",012113,2008,FL,1,21
"SANTA ROSA COUNTY, FL",012113,2009,FL,1,11
"SANTA ROSA COUNTY, FL",012113,2010,FL,1,17
"SANTA ROSA COUNTY, FL",012113,2011,FL,1,18
"SANTA ROSA COUNTY, FL",012113,2012,FL,1,10
"SANTA ROSA COUNTY, FL",012113,2013,FL,1,11
"SANTA ROSA COUNTY, FL",012113,2014,FL,1,13
"SANTA ROSA COUNTY, FL",012113,2015,FL,1,22
"SARASOTA COUNTY, FL",012115,2003,FL,1,62
"SARASOTA COUNTY, FL",012115,2004,FL,1,59
"SARASOTA COUNTY, FL",012115,2005,FL,1,60
"SARASOTA COUNTY, FL",012115,2006,FL,1,89
"SARASOTA COUNTY, FL",012115,2007,FL,1,76
"SARASOTA COUNTY, FL",012115,2008,FL,1,81
"SARASOTA COUNTY, FL",012115,2009,FL,1,75
"SARASOTA COUNTY, FL",012115,2010,FL,1,83
"SARASOTA COUNTY, FL",012115,2011,FL,1,84
"SARASOTA COUNTY, FL",012115,2012,FL,1,71
"SARASOTA COUNTY, FL",012115,2013,FL,1,67
"SARASOTA COUNTY, FL",012115,2014,FL,1,54
"SARASOTA COUNTY, FL",012115,2015,FL,1,96
"SEMINOLE COUNTY, FL",012117,2003,FL,1,33
"SEMINOLE COUNTY, FL",012117,2004,FL,1,23
"SEMINOLE COUNTY, FL",012117,2005,FL,1,41
"SEMINOLE COUNTY, FL",012117,2006,FL,1,47
"SEMINOLE COUNTY, FL",012117,2007,FL,1,49
"SEMINOLE COUNTY, FL",012117,2008,FL,1,41
"SEMINOLE COUNTY, FL",012117,2009,FL,1,72
"SEMINOLE COUNTY, FL",012117,2010,FL,1,61
"SEMINOLE COUNTY, FL",012117,2011,FL,1,60
"SEMINOLE COUNTY, FL",012117,2012,FL,1,40
"SEMINOLE COUNTY, FL",012117,2013,FL,1,45
"SEMINOLE COUNTY, FL",012117,2014,FL,1,49
"SEMINOLE COUNTY, FL",012117,2015,FL,1,63
"SEQUOYAH COUNTY, OK",040135,2009,OK,1,15
"SEQUOYAH COUNTY, OK",040135,2010,OK,1,11
"SEQUOYAH COUNTY, OK",040135,2013,OK,1,16
"SEQUOYAH COUNTY, OK",040135,2014,OK,1,14
"SHELBY COUNTY, AL",001117,2006,AL,1,17
"SHELBY COUNTY, AL",001117,2007,AL,1,26
"SHELBY COUNTY, AL",001117,2008,AL,1,34
"SHELBY COUNTY, AL",001117,2009,AL,1,28
"SHELBY COUNTY, AL",001117,2010,AL,1,15
"SHELBY COUNTY, AL",001117,2011,AL,1,25
"SHELBY COUNTY, AL",001117,2012,AL,1,34
"SHELBY COUNTY, AL",001117,2013,AL,1,27
"SHELBY COUNTY, AL",001117,2014,AL,1,37
"SHELBY COUNTY, AL",001117,2015,AL,1,38
"SKAGIT COUNTY, WA",053057,2003,WA,1,12
"SKAGIT COUNTY, WA",053057,2004,WA,1,13
"SKAGIT COUNTY, WA",053057,2005,WA,1,15
"SKAGIT COUNTY, WA",053057,2006,WA,1,16
"SKAGIT COUNTY, WA",053057,2007,WA,1,12
"SKAGIT COUNTY, WA",053057,2008,WA,1,10
"SKAGIT COUNTY, WA",053057,2009,WA,1,20
"SKAGIT COUNTY, WA",053057,2010,WA,1,16
"SKAGIT COUNTY, WA",053057,2011,WA,1,15
"SKAGIT COUNTY, WA",053057,2012,WA,1,17
"SKAGIT COUNTY, WA",053057,2013,WA,1,23
"SKAGIT COUNTY, WA",053057,2014,WA,1,10
"SKAGIT COUNTY, WA",053057,2015,WA,1,18
"SMITH COUNTY, TX",048423,2004,TX,1,15
"SMITH COUNTY, TX",048423,2006,TX,1,23
"SMITH COUNTY, TX",048423,2007,TX,1,18
"SMITH COUNTY, TX",048423,2008,TX,1,19
"SMITH COUNTY, TX",048423,2009,TX,1,27
"SMITH COUNTY, TX",048423,2010,TX,1,17
"SMITH COUNTY, TX",048423,2011,TX,1,20
"SMITH COUNTY, TX",048423,2012,TX,1,16
"SMITH COUNTY, TX",048423,2013,TX,1,17
"SMITH COUNTY, TX",048423,2014,TX,1,17
"SMITH COUNTY, TX",048423,2015,TX,1,19
"SNOHOMISH COUNTY, WA",053061,2003,WA,1,76
"SNOHOMISH COUNTY, WA",053061,2004,WA,1,100
"SNOHOMISH COUNTY, WA",053061,2005,WA,1,94
"SNOHOMISH COUNTY, WA",053061,2006,WA,1,97
"SNOHOMISH COUNTY, WA",053061,2007,WA,1,107
"SNOHOMISH COUNTY, WA",053061,2008,WA,1,109
"SNOHOMISH COUNTY, WA",053061,2009,WA,1,125
"SNOHOMISH COUNTY, WA",053061,2010,WA,1,108
"SNOHOMISH COUNTY, WA",053061,2011,WA,1,168
"SNOHOMISH COUNTY, WA",053061,2012,WA,1,131
"SNOHOMISH COUNTY, WA",053061,2013,WA,1,126
"SNOHOMISH COUNTY, WA",053061,2014,WA,1,124
"SNOHOMISH COUNTY, WA",053061,2015,WA,1,127
"SPOKANE COUNTY, WA",053063,2003,WA,1,74
"SPOKANE COUNTY, WA",053063,2004,WA,1,78
"SPOKANE COUNTY, WA",053063,2005,WA,1,91
"SPOKANE COUNTY, WA",053063,2006,WA,1,99
"SPOKANE COUNTY, WA",053063,2007,WA,1,104
"SPOKANE COUNTY, WA",053063,2008,WA,1,126
"SPOKANE COUNTY, WA",053063,2009,WA,1,74
"SPOKANE COUNTY, WA",053063,2010,WA,1,75
"SPOKANE COUNTY, WA",053063,2011,WA,1,73
"SPOKANE COUNTY, WA",053063,2012,WA,1,84
"SPOKANE COUNTY, WA",053063,2013,WA,1,63
"SPOKANE COUNTY, WA",053063,2014,WA,1,50
"SPOKANE COUNTY, WA",053063,2015,WA,1,92
"ST. CLAIR COUNTY, AL",001115,2007,AL,1,10
"ST. CLAIR COUNTY, AL",001115,2009,AL,1,11
"ST. CLAIR COUNTY, AL",001115,2010,AL,1,14
"ST. CLAIR COUNTY, AL",001115,2011,AL,1,14
"ST. CLAIR COUNTY, AL",001115,2013,AL,1,17
"ST. CLAIR COUNTY, AL",001115,2014,AL,1,21
"ST. CLAIR COUNTY, AL",001115,2015,AL,1,15
"ST. JOHNS COUNTY, FL",012109,2004,FL,1,10
"ST. JOHNS COUNTY, FL",012109,2006,FL,1,11
"ST. JOHNS COUNTY, FL",012109,2007,FL,1,13
"ST. JOHNS COUNTY, FL",012109,2009,FL,1,11
"ST. JOHNS COUNTY, FL",012109,2010,FL,1,15
"ST. JOHNS COUNTY, FL",012109,2011,FL,1,19
"ST. JOHNS COUNTY, FL",012109,2012,FL,1,13
"ST. JOHNS COUNTY, FL",012109,2013,FL,1,11
"ST. JOHNS COUNTY, FL",012109,2014,FL,1,17
"ST. JOHNS COUNTY, FL",012109,2015,FL,1,17
"ST. LUCIE COUNTY, FL",012111,2003,FL,1,21
"ST. LUCIE COUNTY, FL",012111,2004,FL,1,27
"ST. LUCIE COUNTY, FL",012111,2005,FL,1,25
"ST. LUCIE COUNTY, FL",012111,2006,FL,1,28
"ST. LUCIE COUNTY, FL",012111,2007,FL,1,46
"ST. LUCIE COUNTY, FL",012111,2008,FL,1,34
"ST. LUCIE COUNTY, FL",012111,2009,FL,1,46
"ST. LUCIE COUNTY, FL",012111,2010,FL,1,43
"ST. LUCIE COUNTY, FL",012111,2011,FL,1,40
"ST. LUCIE COUNTY, FL",012111,2012,FL,1,29
"ST. LUCIE COUNTY, FL",012111,2013,FL,1,33
"ST. LUCIE COUNTY, FL",012111,2014,FL,1,39
"ST. LUCIE COUNTY, FL",012111,2015,FL,1,51
"STEPHENS COUNTY, OK",040137,2012,OK,1,16
"STEVENS COUNTY, WA",053065,2006,WA,1,13
"STEVENS COUNTY, WA",053065,2008,WA,1,11
"SUMTER COUNTY, FL",012119,2015,FL,1,12
"TALLADEGA COUNTY, AL",001121,2012,AL,1,10
"TALLADEGA COUNTY, AL",001121,2013,AL,1,11
"TARRANT COUNTY, TX",048439,2003,TX,1,151
"TARRANT COUNTY, TX",048439,2004,TX,1,121
"TARRANT COUNTY, TX",048439,2005,TX,1,119
"TARRANT COUNTY, TX",048439,2006,TX,1,117
"TARRANT COUNTY, TX",048439,2007,TX,1,142
"TARRANT COUNTY, TX",048439,2008,TX,1,128
"TARRANT COUNTY, TX",048439,2009,TX,1,149
"TARRANT COUNTY, TX",048439,2010,TX,1,134
"TARRANT COUNTY, TX",048439,2011,TX,1,172
"TARRANT COUNTY, TX",048439,2012,TX,1,182
"TARRANT COUNTY, TX",048439,2013,TX,1,148
"TARRANT COUNTY, TX",048439,2014,TX,1,195
"TARRANT COUNTY, TX",048439,2015,TX,1,177
"TAYLOR COUNTY, TX",048441,2003,TX,1,15
"TAYLOR COUNTY, TX",048441,2004,TX,1,10
"TAYLOR COUNTY, TX",048441,2005,TX,1,11
"TAYLOR COUNTY, TX",048441,2007,TX,1,10
"TAYLOR COUNTY, TX",048441,2008,TX,1,13
"TAYLOR COUNTY, TX",048441,2009,TX,1,12
"TAYLOR COUNTY, TX",048441,2010,TX,1,12
"TAYLOR COUNTY, TX",048441,2011,TX,1,14
"TAYLOR COUNTY, TX",048441,2012,TX,1,12
"TAYLOR COUNTY, TX",048441,2013,TX,1,10
"TAYLOR COUNTY, TX",048441,2014,TX,1,15
"TAYLOR COUNTY, TX",048441,2015,TX,1,18
"THURSTON COUNTY, WA",053067,2003,WA,1,17
"THURSTON COUNTY, WA",053067,2004,WA,1,20
"THURSTON COUNTY, WA",053067,2005,WA,1,23
"THURSTON COUNTY, WA",053067,2006,WA,1,20
"THURSTON COUNTY, WA",053067,2007,WA,1,20
"THURSTON COUNTY, WA",053067,2008,WA,1,19
"THURSTON COUNTY, WA",053067,2009,WA,1,28
"THURSTON COUNTY, WA",053067,2010,WA,1,22
"THURSTON COUNTY, WA",053067,2011,WA,1,27
"THURSTON COUNTY, WA",053067,2012,WA,1,25
"THURSTON COUNTY, WA",053067,2013,WA,1,25
"THURSTON COUNTY, WA",053067,2014,WA,1,20
"THURSTON COUNTY, WA",053067,2015,WA,1,26
"TOM GREEN COUNTY, TX",048451,2003,TX,1,12
"TOM GREEN COUNTY, TX",048451,2005,TX,1,10
"TOM GREEN COUNTY, TX",048451,2006,TX,1,10
"TOM GREEN COUNTY, TX",048451,2009,TX,1,10
"TOM GREEN COUNTY, TX",048451,2010,TX,1,20
"TOM GREEN COUNTY, TX",048451,2015,TX,1,10
"TRAVIS COUNTY, TX",048453,2003,TX,1,89
"TRAVIS COUNTY, TX",048453,2004,TX,1,91
"TRAVIS COUNTY, TX",048453,2005,TX,1,84
"TRAVIS COUNTY, TX",048453,2006,TX,1,99
"TRAVIS COUNTY, TX",048453,2007,TX,1,108
"TRAVIS COUNTY, TX",048453,2008,TX,1,78
"TRAVIS COUNTY, TX",048453,2009,TX,1,115
"TRAVIS COUNTY, TX",048453,2010,TX,1,118
"TRAVIS COUNTY, TX",048453,2011,TX,1,150
"TRAVIS COUNTY, TX",048453,2012,TX,1,155
"TRAVIS COUNTY, TX",048453,2013,TX,1,153
"TRAVIS COUNTY, TX",048453,2014,TX,1,129
"TRAVIS COUNTY, TX",048453,2015,TX,1,136
"TULSA COUNTY, OK",040143,2003,OK,1,100
"TULSA COUNTY, OK",040143,2004,OK,1,99
"TULSA COUNTY, OK",040143,2005,OK,1,123
"TULSA COUNTY, OK",040143,2006,OK,1,128
"TULSA COUNTY, OK",040143,2007,OK,1,138
"TULSA COUNTY, OK",040143,2008,OK,1,116
"TULSA COUNTY, OK",040143,2009,OK,1,133
"TULSA COUNTY, OK",040143,2010,OK,1,140
"TULSA COUNTY, OK",040143,2011,OK,1,104
"TULSA COUNTY, OK",040143,2012,OK,1,108
"TULSA COUNTY, OK",040143,2013,OK,1,121
"TULSA COUNTY, OK",040143,2014,OK,1,118
"TULSA COUNTY, OK",040143,2015,OK,1,111
"TUSCALOOSA COUNTY, AL",001125,2005,AL,1,10
"TUSCALOOSA COUNTY, AL",001125,2006,AL,1,22
"TUSCALOOSA COUNTY, AL",001125,2007,AL,1,29
"TUSCALOOSA COUNTY, AL",001125,2008,AL,1,31
"TUSCALOOSA COUNTY, AL",001125,2009,AL,1,28
"TUSCALOOSA COUNTY, AL",001125,2010,AL,1,22
"TUSCALOOSA COUNTY, AL",001125,2011,AL,1,21
"TUSCALOOSA COUNTY, AL",001125,2012,AL,1,27
"TUSCALOOSA COUNTY, AL",001125,2013,AL,1,30
"TUSCALOOSA COUNTY, AL",001125,2014,AL,1,22
"TUSCALOOSA COUNTY, AL",001125,2015,AL,1,24
"VAN ZANDT COUNTY, TX",048467,2012,TX,1,11
"VICTORIA COUNTY, TX",048469,2009,TX,1,10
"VICTORIA COUNTY, TX",048469,2011,TX,1,11
"VICTORIA COUNTY, TX",048469,2013,TX,1,14
"VOLUSIA COUNTY, FL",012127,2003,FL,1,48
"VOLUSIA COUNTY, FL",012127,2004,FL,1,74
"VOLUSIA COUNTY, FL",012127,2005,FL,1,85
"VOLUSIA COUNTY, FL",012127,2006,FL,1,80
"VOLUSIA COUNTY, FL",012127,2007,FL,1,82
"VOLUSIA COUNTY, FL",012127,2008,FL,1,101
"VOLUSIA COUNTY, FL",012127,2009,FL,1,106
"VOLUSIA COUNTY, FL",012127,2010,FL,1,104
"VOLUSIA COUNTY, FL",012127,2011,FL,1,89
"VOLUSIA COUNTY, FL",012127,2012,FL,1,85
"VOLUSIA COUNTY, FL",012127,2013,FL,1,100
"VOLUSIA COUNTY, FL",012127,2014,FL,1,75
"VOLUSIA COUNTY, FL",012127,2015,FL,1,98
"WAGONER COUNTY, OK",040145,2005,OK,1,11
"WAGONER COUNTY, OK",040145,2006,OK,1,13
"WAGONER COUNTY, OK",040145,2007,OK,1,17
"WAGONER COUNTY, OK",040145,2009,OK,1,14
"WAGONER COUNTY, OK",040145,2010,OK,1,20
"WAGONER COUNTY, OK",040145,2011,OK,1,11
"WAGONER COUNTY, OK",040145,2012,OK,1,15
"WAGONER COUNTY, OK",040145,2013,OK,1,18
"WAGONER COUNTY, OK",040145,2014,OK,1,20
"WAGONER COUNTY, OK",040145,2015,OK,1,13
"WALKER COUNTY, AL",001127,2005,AL,1,11
"WALKER COUNTY, AL",001127,2007,AL,1,19
"WALKER COUNTY, AL",001127,2008,AL,1,32
"WALKER COUNTY, AL",001127,2009,AL,1,30
"WALKER COUNTY, AL",001127,2010,AL,1,32
"WALKER COUNTY, AL",001127,2011,AL,1,35
"WALKER COUNTY, AL",001127,2012,AL,1,23
"WALKER COUNTY, AL",001127,2013,AL,1,26
"WALKER COUNTY, AL",001127,2014,AL,1,21
"WALLA WALLA COUNTY, WA",053071,2014,WA,1,13
"WALTON COUNTY, FL",012131,2005,FL,1,10
"WALTON COUNTY, FL",012131,2006,FL,1,16
"WALTON COUNTY, FL",012131,2007,FL,1,12
"WASHINGTON COUNTY, OK",040147,2011,OK,1,11
"WASHINGTON COUNTY, OR",041067,2003,OR,1,17
"WASHINGTON COUNTY, OR",041067,2004,OR,1,18
"WASHINGTON COUNTY, OR",041067,2005,OR,1,33
"WASHINGTON COUNTY, OR",041067,2006,OR,1,25
"WASHINGTON COUNTY, OR",041067,2007,OR,1,37
"WASHINGTON COUNTY, OR",041067,2008,OR,1,32
"WASHINGTON COUNTY, OR",041067,2009,OR,1,32
"WASHINGTON COUNTY, OR",041067,2010,OR,1,30
"WASHINGTON COUNTY, OR",041067,2011,OR,1,45
"WASHINGTON COUNTY, OR",041067,2012,OR,1,49
"WASHINGTON COUNTY, OR",041067,2013,OR,1,43
"WASHINGTON COUNTY, OR",041067,2014,OR,1,45
"WASHINGTON COUNTY, OR",041067,2015,OR,1,41
"WEBB COUNTY, TX",048479,2003,TX,1,10
"WEBB COUNTY, TX",048479,2004,TX,1,10
"WEBB COUNTY, TX",048479,2005,TX,1,13
"WEBB COUNTY, TX",048479,2007,TX,1,17
"WEBB COUNTY, TX",048479,2008,TX,1,20
"WEBB COUNTY, TX",048479,2009,TX,1,28
"WEBB COUNTY, TX",048479,2010,TX,1,23
"WEBB COUNTY, TX",048479,2011,TX,1,19
"WEBB COUNTY, TX",048479,2012,TX,1,29
"WEBB COUNTY, TX",048479,2013,TX,1,29
"WEBB COUNTY, TX",048479,2014,TX,1,22
"WEBB COUNTY, TX",048479,2015,TX,1,24
"WHATCOM COUNTY, WA",053073,2003,WA,1,14
"WHATCOM COUNTY, WA",053073,2004,WA,1,12
"WHATCOM COUNTY, WA",053073,2005,WA,1,16
"WHATCOM COUNTY, WA",053073,2006,WA,1,22
"WHATCOM COUNTY, WA",053073,2007,WA,1,12
"WHATCOM COUNTY, WA",053073,2008,WA,1,17
"WHATCOM COUNTY, WA",053073,2009,WA,1,18
"WHATCOM COUNTY, WA",053073,2010,WA,1,14
"WHATCOM COUNTY, WA",053073,2011,WA,1,19
"WHATCOM COUNTY, WA",053073,2012,WA,1,13
"WHATCOM COUNTY, WA",053073,2013,WA,1,13
"WHATCOM COUNTY, WA",053073,2014,WA,1,14
"WHATCOM COUNTY, WA",053073,2015,WA,1,23
"WICHITA COUNTY, TX",048485,2003,TX,1,16
"WICHITA COUNTY, TX",048485,2004,TX,1,12
"WICHITA COUNTY, TX",048485,2005,TX,1,15
"WICHITA COUNTY, TX",048485,2006,TX,1,19
"WICHITA COUNTY, TX",048485,2007,TX,1,13
"WICHITA COUNTY, TX",048485,2008,TX,1,29
"WICHITA COUNTY, TX",048485,2009,TX,1,26
"WICHITA COUNTY, TX",048485,2010,TX,1,16
"WICHITA COUNTY, TX",048485,2011,TX,1,18
"WICHITA COUNTY, TX",048485,2012,TX,1,18
"WICHITA COUNTY, TX",048485,2013,TX,1,16
"WICHITA COUNTY, TX",048485,2014,TX,1,19
"WICHITA COUNTY, TX",048485,2015,TX,1,17
"WILLIAMSON COUNTY, TX",048491,2003,TX,1,11
"WILLIAMSON COUNTY, TX",048491,2004,TX,1,12
"WILLIAMSON COUNTY, TX",048491,2005,TX,1,14
"WILLIAMSON COUNTY, TX",048491,2006,TX,1,23
"WILLIAMSON COUNTY, TX",048491,2007,TX,1,17
"WILLIAMSON COUNTY, TX",048491,2008,TX,1,18
"WILLIAMSON COUNTY, TX",048491,2009,TX,1,34
"WILLIAMSON COUNTY, TX",048491,2010,TX,1,27
"WILLIAMSON COUNTY, TX",048491,2011,TX,1,31
"WILLIAMSON COUNTY, TX",048491,2012,TX,1,28
"WILLIAMSON COUNTY, TX",048491,2013,TX,1,34
"WILLIAMSON COUNTY, TX",048491,2014,TX,1,27
"WILLIAMSON COUNTY, TX",048491,2015,TX,1,27
"YAKIMA COUNTY, WA",053077,2003,WA,1,10
"YAKIMA COUNTY, WA",053077,2004,WA,1,29
"YAKIMA COUNTY, WA",053077,2005,WA,1,11
"YAKIMA COUNTY, WA",053077,2006,WA,1,12
"YAKIMA COUNTY, WA",053077,2007,WA,1,24
"YAKIMA COUNTY, WA",053077,2008,WA,1,10
"YAKIMA COUNTY, WA",053077,2009,WA,1,17
"YAKIMA COUNTY, WA",053077,2010,WA,1,24
"YAKIMA COUNTY, WA",053077,2011,WA,1,14
"YAKIMA COUNTY, WA",053077,2012,WA,1,25
"YAKIMA COUNTY, WA",053077,2013,WA,1,14
"YAKIMA COUNTY, WA",053077,2014,WA,1,23
"YAKIMA COUNTY, WA",053077,2015,WA,1,26
"YAMHILL COUNTY, OR",041071,2011,OR,1,10
"YAMHILL COUNTY, OR",041071,2015,OR,1,10
